case,image_path,label_path,image_exists,label_exists,image_is_symlink,label_is_symlink,error,image_mode,label_mode,image_shape,label_shape,image_dtype,label_dtype,label_unique,same_hw,label_min,label_max
ERIHC_0000,/home/ubuntu/storage3/ER Segmentation/ER_IHC_Q1/phase2_acceptance_experiments/nnunet_workspace/nnUNet_raw/Dataset501_ERIHCSeg/imagesTr/ERIHC_0000_0000.png,/home/ubuntu/storage3/ER Segmentation/ER_IHC_Q1/phase2_acceptance_experiments/nnunet_workspace/nnUNet_raw/Dataset501_ERIHCSeg/labelsTr/ERIHC_0000.png,True,True,True,True,,RGB,L,"(512, 512, 3)","(512, 512)",uint8,uint8,"[0, 1]",True,0,1
ERIHC_0001,/home/ubuntu/storage3/ER Segmentation/ER_IHC_Q1/phase2_acceptance_experiments/nnunet_workspace/nnUNet_raw/Dataset501_ERIHCSeg/imagesTr/ERIHC_0001_0000.png,/home/ubuntu/storage3/ER Segmentation/ER_IHC_Q1/phase2_acceptance_experiments/nnunet_workspace/nnUNet_raw/Dataset501_ERIHCSeg/labelsTr/ERIHC_0001.png,True,True,True,True,,RGB,L,"(512, 512, 3)","(512, 512)",uint8,uint8,"[0, 1]",True,0,1
ERIHC_0002,/home/ubuntu/storage3/ER Segmentation/ER_IHC_Q1/phase2_acceptance_experiments/nnunet_workspace/nnUNet_raw/Dataset501_ERIHCSeg/imagesTr/ERIHC_0002_0000.png,/home/ubuntu/storage3/ER Segmentation/ER_IHC_Q1/phase2_acceptance_experiments/nnunet_workspace/nnUNet_raw/Dataset501_ERIHCSeg/labelsTr/ERIHC_0002.png,True,True,True,True,,RGB,L,"(512, 512, 3)","(512, 512)",uint8,uint8,"[0, 1]",True,0,1
ERIHC_0003,/home/ubuntu/storage3/ER Segmentation/ER_IHC_Q1/phase2_acceptance_experiments/nnunet_workspace/nnUNet_raw/Dataset501_ERIHCSeg/imagesTr/ERIHC_0003_0000.png,/home/ubuntu/storage3/ER Segmentation/ER_IHC_Q1/phase2_acceptance_experiments/nnunet_workspace/nnUNet_raw/Dataset501_ERIHCSeg/labelsTr/ERIHC_0003.png,True,True,True,True,,RGB,L,"(512, 512, 3)","(512, 512)",uint8,uint8,"[0, 1]",True,0,1
ERIHC_0004,/home/ubuntu/storage3/ER Segmentation/ER_IHC_Q1/phase2_acceptance_experiments/nnunet_workspace/nnUNet_raw/Dataset501_ERIHCSeg/imagesTr/ERIHC_0004_0000.png,/home/ubuntu/storage3/ER Segmentation/ER_IHC_Q1/phase2_acceptance_experiments/nnunet_workspace/nnUNet_raw/Dataset501_ERIHCSeg/labelsTr/ERIHC_0004.png,True,True,True,True,,RGB,L,"(512, 512, 3)","(512, 512)",uint8,uint8,"[0, 1]",True,0,1
ERIHC_0005,/home/ubuntu/storage3/ER Segmentation/ER_IHC_Q1/phase2_acceptance_experiments/nnunet_workspace/nnUNet_raw/Dataset501_ERIHCSeg/imagesTr/ERIHC_0005_0000.png,/home/ubuntu/storage3/ER Segmentation/ER_IHC_Q1/phase2_acceptance_experiments/nnunet_workspace/nnUNet_raw/Dataset501_ERIHCSeg/labelsTr/ERIHC_0005.png,True,True,True,True,,RGB,L,"(512, 512, 3)","(512, 512)",uint8,uint8,"[0, 1, 2]",True,0,2
ERIHC_0006,/home/ubuntu/storage3/ER Segmentation/ER_IHC_Q1/phase2_acceptance_experiments/nnunet_workspace/nnUNet_raw/Dataset501_ERIHCSeg/imagesTr/ERIHC_0006_0000.png,/home/ubuntu/storage3/ER Segmentation/ER_IHC_Q1/phase2_acceptance_experiments/nnunet_workspace/nnUNet_raw/Dataset501_ERIHCSeg/labelsTr/ERIHC_0006.png,True,True,True,True,,RGB,L,"(512, 512, 3)","(512, 512)",uint8,uint8,"[0, 1]",True,0,1
ERIHC_0007,/home/ubuntu/storage3/ER Segmentation/ER_IHC_Q1/phase2_acceptance_experiments/nnunet_workspace/nnUNet_raw/Dataset501_ERIHCSeg/imagesTr/ERIHC_0007_0000.png,/home/ubuntu/storage3/ER Segmentation/ER_IHC_Q1/phase2_acceptance_experiments/nnunet_workspace/nnUNet_raw/Dataset501_ERIHCSeg/labelsTr/ERIHC_0007.png,True,True,True,True,,RGB,L,"(512, 512, 3)","(512, 512)",uint8,uint8,"[0, 1, 2]",True,0,2
ERIHC_0008,/home/ubuntu/storage3/ER Segmentation/ER_IHC_Q1/phase2_acceptance_experiments/nnunet_workspace/nnUNet_raw/Dataset501_ERIHCSeg/imagesTr/ERIHC_0008_0000.png,/home/ubuntu/storage3/ER Segmentation/ER_IHC_Q1/phase2_acceptance_experiments/nnunet_workspace/nnUNet_raw/Dataset501_ERIHCSeg/labelsTr/ERIHC_0008.png,True,True,True,True,,RGB,L,"(512, 512, 3)","(512, 512)",uint8,uint8,"[0, 1, 2]",True,0,2
ERIHC_0009,/home/ubuntu/storage3/ER Segmentation/ER_IHC_Q1/phase2_acceptance_experiments/nnunet_workspace/nnUNet_raw/Dataset501_ERIHCSeg/imagesTr/ERIHC_0009_0000.png,/home/ubuntu/storage3/ER Segmentation/ER_IHC_Q1/phase2_acceptance_experiments/nnunet_workspace/nnUNet_raw/Dataset501_ERIHCSeg/labelsTr/ERIHC_0009.png,True,True,True,True,,RGB,L,"(512, 512, 3)","(512, 512)",uint8,uint8,"[0, 1]",True,0,1
ERIHC_0010,/home/ubuntu/storage3/ER Segmentation/ER_IHC_Q1/phase2_acceptance_experiments/nnunet_workspace/nnUNet_raw/Dataset501_ERIHCSeg/imagesTr/ERIHC_0010_0000.png,/home/ubuntu/storage3/ER Segmentation/ER_IHC_Q1/phase2_acceptance_experiments/nnunet_workspace/nnUNet_raw/Dataset501_ERIHCSeg/labelsTr/ERIHC_0010.png,True,True,True,True,,RGB,L,"(512, 512, 3)","(512, 512)",uint8,uint8,"[0, 1, 2]",True,0,2
ERIHC_0011,/home/ubuntu/storage3/ER Segmentation/ER_IHC_Q1/phase2_acceptance_experiments/nnunet_workspace/nnUNet_raw/Dataset501_ERIHCSeg/imagesTr/ERIHC_0011_0000.png,/home/ubuntu/storage3/ER Segmentation/ER_IHC_Q1/phase2_acceptance_experiments/nnunet_workspace/nnUNet_raw/Dataset501_ERIHCSeg/labelsTr/ERIHC_0011.png,True,True,True,True,,RGB,L,"(512, 512, 3)","(512, 512)",uint8,uint8,"[0, 1]",True,0,1
ERIHC_0012,/home/ubuntu/storage3/ER Segmentation/ER_IHC_Q1/phase2_acceptance_experiments/nnunet_workspace/nnUNet_raw/Dataset501_ERIHCSeg/imagesTr/ERIHC_0012_0000.png,/home/ubuntu/storage3/ER Segmentation/ER_IHC_Q1/phase2_acceptance_experiments/nnunet_workspace/nnUNet_raw/Dataset501_ERIHCSeg/labelsTr/ERIHC_0012.png,True,True,True,True,,RGB,L,"(512, 512, 3)","(512, 512)",uint8,uint8,"[0, 1]",True,0,1
ERIHC_0013,/home/ubuntu/storage3/ER Segmentation/ER_IHC_Q1/phase2_acceptance_experiments/nnunet_workspace/nnUNet_raw/Dataset501_ERIHCSeg/imagesTr/ERIHC_0013_0000.png,/home/ubuntu/storage3/ER Segmentation/ER_IHC_Q1/phase2_acceptance_experiments/nnunet_workspace/nnUNet_raw/Dataset501_ERIHCSeg/labelsTr/ERIHC_0013.png,True,True,True,True,,RGB,L,"(512, 512, 3)","(512, 512)",uint8,uint8,"[0, 1]",True,0,1
ERIHC_0014,/home/ubuntu/storage3/ER Segmentation/ER_IHC_Q1/phase2_acceptance_experiments/nnunet_workspace/nnUNet_raw/Dataset501_ERIHCSeg/imagesTr/ERIHC_0014_0000.png,/home/ubuntu/storage3/ER Segmentation/ER_IHC_Q1/phase2_acceptance_experiments/nnunet_workspace/nnUNet_raw/Dataset501_ERIHCSeg/labelsTr/ERIHC_0014.png,True,True,True,True,,RGB,L,"(512, 512, 3)","(512, 512)",uint8,uint8,"[0, 1]",True,0,1
ERIHC_0015,/home/ubuntu/storage3/ER Segmentation/ER_IHC_Q1/phase2_acceptance_experiments/nnunet_workspace/nnUNet_raw/Dataset501_ERIHCSeg/imagesTr/ERIHC_0015_0000.png,/home/ubuntu/storage3/ER Segmentation/ER_IHC_Q1/phase2_acceptance_experiments/nnunet_workspace/nnUNet_raw/Dataset501_ERIHCSeg/labelsTr/ERIHC_0015.png,True,True,True,True,,RGB,L,"(512, 512, 3)","(512, 512)",uint8,uint8,"[0, 1]",True,0,1
ERIHC_0016,/home/ubuntu/storage3/ER Segmentation/ER_IHC_Q1/phase2_acceptance_experiments/nnunet_workspace/nnUNet_raw/Dataset501_ERIHCSeg/imagesTr/ERIHC_0016_0000.png,/home/ubuntu/storage3/ER Segmentation/ER_IHC_Q1/phase2_acceptance_experiments/nnunet_workspace/nnUNet_raw/Dataset501_ERIHCSeg/labelsTr/ERIHC_0016.png,True,True,True,True,,RGB,L,"(512, 512, 3)","(512, 512)",uint8,uint8,"[0, 1, 2]",True,0,2
ERIHC_0017,/home/ubuntu/storage3/ER Segmentation/ER_IHC_Q1/phase2_acceptance_experiments/nnunet_workspace/nnUNet_raw/Dataset501_ERIHCSeg/imagesTr/ERIHC_0017_0000.png,/home/ubuntu/storage3/ER Segmentation/ER_IHC_Q1/phase2_acceptance_experiments/nnunet_workspace/nnUNet_raw/Dataset501_ERIHCSeg/labelsTr/ERIHC_0017.png,True,True,True,True,,RGB,L,"(512, 512, 3)","(512, 512)",uint8,uint8,"[0, 1, 2]",True,0,2
ERIHC_0018,/home/ubuntu/storage3/ER Segmentation/ER_IHC_Q1/phase2_acceptance_experiments/nnunet_workspace/nnUNet_raw/Dataset501_ERIHCSeg/imagesTr/ERIHC_0018_0000.png,/home/ubuntu/storage3/ER Segmentation/ER_IHC_Q1/phase2_acceptance_experiments/nnunet_workspace/nnUNet_raw/Dataset501_ERIHCSeg/labelsTr/ERIHC_0018.png,True,True,True,True,,RGB,L,"(512, 512, 3)","(512, 512)",uint8,uint8,"[0, 1, 2]",True,0,2
ERIHC_0019,/home/ubuntu/storage3/ER Segmentation/ER_IHC_Q1/phase2_acceptance_experiments/nnunet_workspace/nnUNet_raw/Dataset501_ERIHCSeg/imagesTr/ERIHC_0019_0000.png,/home/ubuntu/storage3/ER Segmentation/ER_IHC_Q1/phase2_acceptance_experiments/nnunet_workspace/nnUNet_raw/Dataset501_ERIHCSeg/labelsTr/ERIHC_0019.png,True,True,True,True,,RGB,L,"(512, 512, 3)","(512, 512)",uint8,uint8,"[0, 1]",True,0,1
ERIHC_0020,/home/ubuntu/storage3/ER Segmentation/ER_IHC_Q1/phase2_acceptance_experiments/nnunet_workspace/nnUNet_raw/Dataset501_ERIHCSeg/imagesTr/ERIHC_0020_0000.png,/home/ubuntu/storage3/ER Segmentation/ER_IHC_Q1/phase2_acceptance_experiments/nnunet_workspace/nnUNet_raw/Dataset501_ERIHCSeg/labelsTr/ERIHC_0020.png,True,True,True,True,,RGB,L,"(512, 512, 3)","(512, 512)",uint8,uint8,"[0, 1, 2]",True,0,2
ERIHC_0021,/home/ubuntu/storage3/ER Segmentation/ER_IHC_Q1/phase2_acceptance_experiments/nnunet_workspace/nnUNet_raw/Dataset501_ERIHCSeg/imagesTr/ERIHC_0021_0000.png,/home/ubuntu/storage3/ER Segmentation/ER_IHC_Q1/phase2_acceptance_experiments/nnunet_workspace/nnUNet_raw/Dataset501_ERIHCSeg/labelsTr/ERIHC_0021.png,True,True,True,True,,RGB,L,"(512, 512, 3)","(512, 512)",uint8,uint8,"[0, 1]",True,0,1
ERIHC_0022,/home/ubuntu/storage3/ER Segmentation/ER_IHC_Q1/phase2_acceptance_experiments/nnunet_workspace/nnUNet_raw/Dataset501_ERIHCSeg/imagesTr/ERIHC_0022_0000.png,/home/ubuntu/storage3/ER Segmentation/ER_IHC_Q1/phase2_acceptance_experiments/nnunet_workspace/nnUNet_raw/Dataset501_ERIHCSeg/labelsTr/ERIHC_0022.png,True,True,True,True,,RGB,L,"(512, 512, 3)","(512, 512)",uint8,uint8,"[0, 1, 2]",True,0,2
ERIHC_0023,/home/ubuntu/storage3/ER Segmentation/ER_IHC_Q1/phase2_acceptance_experiments/nnunet_workspace/nnUNet_raw/Dataset501_ERIHCSeg/imagesTr/ERIHC_0023_0000.png,/home/ubuntu/storage3/ER Segmentation/ER_IHC_Q1/phase2_acceptance_experiments/nnunet_workspace/nnUNet_raw/Dataset501_ERIHCSeg/labelsTr/ERIHC_0023.png,True,True,True,True,,RGB,L,"(512, 512, 3)","(512, 512)",uint8,uint8,"[0, 1, 2, 3]",True,0,3
ERIHC_0024,/home/ubuntu/storage3/ER Segmentation/ER_IHC_Q1/phase2_acceptance_experiments/nnunet_workspace/nnUNet_raw/Dataset501_ERIHCSeg/imagesTr/ERIHC_0024_0000.png,/home/ubuntu/storage3/ER Segmentation/ER_IHC_Q1/phase2_acceptance_experiments/nnunet_workspace/nnUNet_raw/Dataset501_ERIHCSeg/labelsTr/ERIHC_0024.png,True,True,True,True,,RGB,L,"(512, 512, 3)","(512, 512)",uint8,uint8,"[0, 1]",True,0,1
ERIHC_0025,/home/ubuntu/storage3/ER Segmentation/ER_IHC_Q1/phase2_acceptance_experiments/nnunet_workspace/nnUNet_raw/Dataset501_ERIHCSeg/imagesTr/ERIHC_0025_0000.png,/home/ubuntu/storage3/ER Segmentation/ER_IHC_Q1/phase2_acceptance_experiments/nnunet_workspace/nnUNet_raw/Dataset501_ERIHCSeg/labelsTr/ERIHC_0025.png,True,True,True,True,,RGB,L,"(512, 512, 3)","(512, 512)",uint8,uint8,"[0, 1]",True,0,1
ERIHC_0026,/home/ubuntu/storage3/ER Segmentation/ER_IHC_Q1/phase2_acceptance_experiments/nnunet_workspace/nnUNet_raw/Dataset501_ERIHCSeg/imagesTr/ERIHC_0026_0000.png,/home/ubuntu/storage3/ER Segmentation/ER_IHC_Q1/phase2_acceptance_experiments/nnunet_workspace/nnUNet_raw/Dataset501_ERIHCSeg/labelsTr/ERIHC_0026.png,True,True,True,True,,RGB,L,"(512, 512, 3)","(512, 512)",uint8,uint8,"[0, 1]",True,0,1
ERIHC_0027,/home/ubuntu/storage3/ER Segmentation/ER_IHC_Q1/phase2_acceptance_experiments/nnunet_workspace/nnUNet_raw/Dataset501_ERIHCSeg/imagesTr/ERIHC_0027_0000.png,/home/ubuntu/storage3/ER Segmentation/ER_IHC_Q1/phase2_acceptance_experiments/nnunet_workspace/nnUNet_raw/Dataset501_ERIHCSeg/labelsTr/ERIHC_0027.png,True,True,True,True,,RGB,L,"(512, 512, 3)","(512, 512)",uint8,uint8,"[0, 1]",True,0,1
ERIHC_0028,/home/ubuntu/storage3/ER Segmentation/ER_IHC_Q1/phase2_acceptance_experiments/nnunet_workspace/nnUNet_raw/Dataset501_ERIHCSeg/imagesTr/ERIHC_0028_0000.png,/home/ubuntu/storage3/ER Segmentation/ER_IHC_Q1/phase2_acceptance_experiments/nnunet_workspace/nnUNet_raw/Dataset501_ERIHCSeg/labelsTr/ERIHC_0028.png,True,True,True,True,,RGB,L,"(512, 512, 3)","(512, 512)",uint8,uint8,"[0, 1]",True,0,1
ERIHC_0029,/home/ubuntu/storage3/ER Segmentation/ER_IHC_Q1/phase2_acceptance_experiments/nnunet_workspace/nnUNet_raw/Dataset501_ERIHCSeg/imagesTr/ERIHC_0029_0000.png,/home/ubuntu/storage3/ER Segmentation/ER_IHC_Q1/phase2_acceptance_experiments/nnunet_workspace/nnUNet_raw/Dataset501_ERIHCSeg/labelsTr/ERIHC_0029.png,True,True,True,True,,RGB,L,"(512, 512, 3)","(512, 512)",uint8,uint8,"[0, 1, 2, 3, 4]",True,0,4
ERIHC_0030,/home/ubuntu/storage3/ER Segmentation/ER_IHC_Q1/phase2_acceptance_experiments/nnunet_workspace/nnUNet_raw/Dataset501_ERIHCSeg/imagesTr/ERIHC_0030_0000.png,/home/ubuntu/storage3/ER Segmentation/ER_IHC_Q1/phase2_acceptance_experiments/nnunet_workspace/nnUNet_raw/Dataset501_ERIHCSeg/labelsTr/ERIHC_0030.png,True,True,True,True,,RGB,L,"(512, 512, 3)","(512, 512)",uint8,uint8,"[0, 1, 2, 3, 4]",True,0,4
ERIHC_0031,/home/ubuntu/storage3/ER Segmentation/ER_IHC_Q1/phase2_acceptance_experiments/nnunet_workspace/nnUNet_raw/Dataset501_ERIHCSeg/imagesTr/ERIHC_0031_0000.png,/home/ubuntu/storage3/ER Segmentation/ER_IHC_Q1/phase2_acceptance_experiments/nnunet_workspace/nnUNet_raw/Dataset501_ERIHCSeg/labelsTr/ERIHC_0031.png,True,True,True,True,,RGB,L,"(512, 512, 3)","(512, 512)",uint8,uint8,"[0, 1, 2, 3]",True,0,3
ERIHC_0032,/home/ubuntu/storage3/ER Segmentation/ER_IHC_Q1/phase2_acceptance_experiments/nnunet_workspace/nnUNet_raw/Dataset501_ERIHCSeg/imagesTr/ERIHC_0032_0000.png,/home/ubuntu/storage3/ER Segmentation/ER_IHC_Q1/phase2_acceptance_experiments/nnunet_workspace/nnUNet_raw/Dataset501_ERIHCSeg/labelsTr/ERIHC_0032.png,True,True,True,True,,RGB,L,"(512, 512, 3)","(512, 512)",uint8,uint8,"[0, 1]",True,0,1
ERIHC_0033,/home/ubuntu/storage3/ER Segmentation/ER_IHC_Q1/phase2_acceptance_experiments/nnunet_workspace/nnUNet_raw/Dataset501_ERIHCSeg/imagesTr/ERIHC_0033_0000.png,/home/ubuntu/storage3/ER Segmentation/ER_IHC_Q1/phase2_acceptance_experiments/nnunet_workspace/nnUNet_raw/Dataset501_ERIHCSeg/labelsTr/ERIHC_0033.png,True,True,True,True,,RGB,L,"(512, 512, 3)","(512, 512)",uint8,uint8,"[0, 1]",True,0,1
ERIHC_0034,/home/ubuntu/storage3/ER Segmentation/ER_IHC_Q1/phase2_acceptance_experiments/nnunet_workspace/nnUNet_raw/Dataset501_ERIHCSeg/imagesTr/ERIHC_0034_0000.png,/home/ubuntu/storage3/ER Segmentation/ER_IHC_Q1/phase2_acceptance_experiments/nnunet_workspace/nnUNet_raw/Dataset501_ERIHCSeg/labelsTr/ERIHC_0034.png,True,True,True,True,,RGB,L,"(512, 512, 3)","(512, 512)",uint8,uint8,"[0, 1]",True,0,1
ERIHC_0035,/home/ubuntu/storage3/ER Segmentation/ER_IHC_Q1/phase2_acceptance_experiments/nnunet_workspace/nnUNet_raw/Dataset501_ERIHCSeg/imagesTr/ERIHC_0035_0000.png,/home/ubuntu/storage3/ER Segmentation/ER_IHC_Q1/phase2_acceptance_experiments/nnunet_workspace/nnUNet_raw/Dataset501_ERIHCSeg/labelsTr/ERIHC_0035.png,True,True,True,True,,RGB,L,"(512, 512, 3)","(512, 512)",uint8,uint8,"[0, 1]",True,0,1
ERIHC_0036,/home/ubuntu/storage3/ER Segmentation/ER_IHC_Q1/phase2_acceptance_experiments/nnunet_workspace/nnUNet_raw/Dataset501_ERIHCSeg/imagesTr/ERIHC_0036_0000.png,/home/ubuntu/storage3/ER Segmentation/ER_IHC_Q1/phase2_acceptance_experiments/nnunet_workspace/nnUNet_raw/Dataset501_ERIHCSeg/labelsTr/ERIHC_0036.png,True,True,True,True,,RGB,L,"(512, 512, 3)","(512, 512)",uint8,uint8,"[0, 1]",True,0,1
ERIHC_0037,/home/ubuntu/storage3/ER Segmentation/ER_IHC_Q1/phase2_acceptance_experiments/nnunet_workspace/nnUNet_raw/Dataset501_ERIHCSeg/imagesTr/ERIHC_0037_0000.png,/home/ubuntu/storage3/ER Segmentation/ER_IHC_Q1/phase2_acceptance_experiments/nnunet_workspace/nnUNet_raw/Dataset501_ERIHCSeg/labelsTr/ERIHC_0037.png,True,True,True,True,,RGB,L,"(512, 512, 3)","(512, 512)",uint8,uint8,"[0, 1]",True,0,1
ERIHC_0038,/home/ubuntu/storage3/ER Segmentation/ER_IHC_Q1/phase2_acceptance_experiments/nnunet_workspace/nnUNet_raw/Dataset501_ERIHCSeg/imagesTr/ERIHC_0038_0000.png,/home/ubuntu/storage3/ER Segmentation/ER_IHC_Q1/phase2_acceptance_experiments/nnunet_workspace/nnUNet_raw/Dataset501_ERIHCSeg/labelsTr/ERIHC_0038.png,True,True,True,True,,RGB,L,"(512, 512, 3)","(512, 512)",uint8,uint8,"[0, 1]",True,0,1
ERIHC_0039,/home/ubuntu/storage3/ER Segmentation/ER_IHC_Q1/phase2_acceptance_experiments/nnunet_workspace/nnUNet_raw/Dataset501_ERIHCSeg/imagesTr/ERIHC_0039_0000.png,/home/ubuntu/storage3/ER Segmentation/ER_IHC_Q1/phase2_acceptance_experiments/nnunet_workspace/nnUNet_raw/Dataset501_ERIHCSeg/labelsTr/ERIHC_0039.png,True,True,True,True,,RGB,L,"(512, 512, 3)","(512, 512)",uint8,uint8,"[0, 1]",True,0,1
ERIHC_0040,/home/ubuntu/storage3/ER Segmentation/ER_IHC_Q1/phase2_acceptance_experiments/nnunet_workspace/nnUNet_raw/Dataset501_ERIHCSeg/imagesTr/ERIHC_0040_0000.png,/home/ubuntu/storage3/ER Segmentation/ER_IHC_Q1/phase2_acceptance_experiments/nnunet_workspace/nnUNet_raw/Dataset501_ERIHCSeg/labelsTr/ERIHC_0040.png,True,True,True,True,,RGB,L,"(512, 512, 3)","(512, 512)",uint8,uint8,"[0, 1, 2]",True,0,2
ERIHC_0041,/home/ubuntu/storage3/ER Segmentation/ER_IHC_Q1/phase2_acceptance_experiments/nnunet_workspace/nnUNet_raw/Dataset501_ERIHCSeg/imagesTr/ERIHC_0041_0000.png,/home/ubuntu/storage3/ER Segmentation/ER_IHC_Q1/phase2_acceptance_experiments/nnunet_workspace/nnUNet_raw/Dataset501_ERIHCSeg/labelsTr/ERIHC_0041.png,True,True,True,True,,RGB,L,"(512, 512, 3)","(512, 512)",uint8,uint8,"[0, 1, 2]",True,0,2
ERIHC_0042,/home/ubuntu/storage3/ER Segmentation/ER_IHC_Q1/phase2_acceptance_experiments/nnunet_workspace/nnUNet_raw/Dataset501_ERIHCSeg/imagesTr/ERIHC_0042_0000.png,/home/ubuntu/storage3/ER Segmentation/ER_IHC_Q1/phase2_acceptance_experiments/nnunet_workspace/nnUNet_raw/Dataset501_ERIHCSeg/labelsTr/ERIHC_0042.png,True,True,True,True,,RGB,L,"(512, 512, 3)","(512, 512)",uint8,uint8,"[0, 1, 2]",True,0,2
ERIHC_0043,/home/ubuntu/storage3/ER Segmentation/ER_IHC_Q1/phase2_acceptance_experiments/nnunet_workspace/nnUNet_raw/Dataset501_ERIHCSeg/imagesTr/ERIHC_0043_0000.png,/home/ubuntu/storage3/ER Segmentation/ER_IHC_Q1/phase2_acceptance_experiments/nnunet_workspace/nnUNet_raw/Dataset501_ERIHCSeg/labelsTr/ERIHC_0043.png,True,True,True,True,,RGB,L,"(512, 512, 3)","(512, 512)",uint8,uint8,"[0, 1, 2]",True,0,2
ERIHC_0044,/home/ubuntu/storage3/ER Segmentation/ER_IHC_Q1/phase2_acceptance_experiments/nnunet_workspace/nnUNet_raw/Dataset501_ERIHCSeg/imagesTr/ERIHC_0044_0000.png,/home/ubuntu/storage3/ER Segmentation/ER_IHC_Q1/phase2_acceptance_experiments/nnunet_workspace/nnUNet_raw/Dataset501_ERIHCSeg/labelsTr/ERIHC_0044.png,True,True,True,True,,RGB,L,"(512, 512, 3)","(512, 512)",uint8,uint8,"[0, 1]",True,0,1
ERIHC_0045,/home/ubuntu/storage3/ER Segmentation/ER_IHC_Q1/phase2_acceptance_experiments/nnunet_workspace/nnUNet_raw/Dataset501_ERIHCSeg/imagesTr/ERIHC_0045_0000.png,/home/ubuntu/storage3/ER Segmentation/ER_IHC_Q1/phase2_acceptance_experiments/nnunet_workspace/nnUNet_raw/Dataset501_ERIHCSeg/labelsTr/ERIHC_0045.png,True,True,True,True,,RGB,L,"(512, 512, 3)","(512, 512)",uint8,uint8,"[0, 1]",True,0,1
ERIHC_0046,/home/ubuntu/storage3/ER Segmentation/ER_IHC_Q1/phase2_acceptance_experiments/nnunet_workspace/nnUNet_raw/Dataset501_ERIHCSeg/imagesTr/ERIHC_0046_0000.png,/home/ubuntu/storage3/ER Segmentation/ER_IHC_Q1/phase2_acceptance_experiments/nnunet_workspace/nnUNet_raw/Dataset501_ERIHCSeg/labelsTr/ERIHC_0046.png,True,True,True,True,,RGB,L,"(512, 512, 3)","(512, 512)",uint8,uint8,"[0, 1]",True,0,1
ERIHC_0047,/home/ubuntu/storage3/ER Segmentation/ER_IHC_Q1/phase2_acceptance_experiments/nnunet_workspace/nnUNet_raw/Dataset501_ERIHCSeg/imagesTr/ERIHC_0047_0000.png,/home/ubuntu/storage3/ER Segmentation/ER_IHC_Q1/phase2_acceptance_experiments/nnunet_workspace/nnUNet_raw/Dataset501_ERIHCSeg/labelsTr/ERIHC_0047.png,True,True,True,True,,RGB,L,"(512, 512, 3)","(512, 512)",uint8,uint8,"[0, 1]",True,0,1
ERIHC_0048,/home/ubuntu/storage3/ER Segmentation/ER_IHC_Q1/phase2_acceptance_experiments/nnunet_workspace/nnUNet_raw/Dataset501_ERIHCSeg/imagesTr/ERIHC_0048_0000.png,/home/ubuntu/storage3/ER Segmentation/ER_IHC_Q1/phase2_acceptance_experiments/nnunet_workspace/nnUNet_raw/Dataset501_ERIHCSeg/labelsTr/ERIHC_0048.png,True,True,True,True,,RGB,L,"(512, 512, 3)","(512, 512)",uint8,uint8,"[0, 1]",True,0,1
ERIHC_0049,/home/ubuntu/storage3/ER Segmentation/ER_IHC_Q1/phase2_acceptance_experiments/nnunet_workspace/nnUNet_raw/Dataset501_ERIHCSeg/imagesTr/ERIHC_0049_0000.png,/home/ubuntu/storage3/ER Segmentation/ER_IHC_Q1/phase2_acceptance_experiments/nnunet_workspace/nnUNet_raw/Dataset501_ERIHCSeg/labelsTr/ERIHC_0049.png,True,True,True,True,,RGB,L,"(512, 512, 3)","(512, 512)",uint8,uint8,"[0, 1, 2]",True,0,2
ERIHC_0050,/home/ubuntu/storage3/ER Segmentation/ER_IHC_Q1/phase2_acceptance_experiments/nnunet_workspace/nnUNet_raw/Dataset501_ERIHCSeg/imagesTr/ERIHC_0050_0000.png,/home/ubuntu/storage3/ER Segmentation/ER_IHC_Q1/phase2_acceptance_experiments/nnunet_workspace/nnUNet_raw/Dataset501_ERIHCSeg/labelsTr/ERIHC_0050.png,True,True,True,True,,RGB,L,"(512, 512, 3)","(512, 512)",uint8,uint8,"[0, 1, 2]",True,0,2
ERIHC_0051,/home/ubuntu/storage3/ER Segmentation/ER_IHC_Q1/phase2_acceptance_experiments/nnunet_workspace/nnUNet_raw/Dataset501_ERIHCSeg/imagesTr/ERIHC_0051_0000.png,/home/ubuntu/storage3/ER Segmentation/ER_IHC_Q1/phase2_acceptance_experiments/nnunet_workspace/nnUNet_raw/Dataset501_ERIHCSeg/labelsTr/ERIHC_0051.png,True,True,True,True,,RGB,L,"(512, 512, 3)","(512, 512)",uint8,uint8,"[0, 1, 2]",True,0,2
ERIHC_0052,/home/ubuntu/storage3/ER Segmentation/ER_IHC_Q1/phase2_acceptance_experiments/nnunet_workspace/nnUNet_raw/Dataset501_ERIHCSeg/imagesTr/ERIHC_0052_0000.png,/home/ubuntu/storage3/ER Segmentation/ER_IHC_Q1/phase2_acceptance_experiments/nnunet_workspace/nnUNet_raw/Dataset501_ERIHCSeg/labelsTr/ERIHC_0052.png,True,True,True,True,,RGB,L,"(512, 512, 3)","(512, 512)",uint8,uint8,"[0, 1, 2]",True,0,2
ERIHC_0053,/home/ubuntu/storage3/ER Segmentation/ER_IHC_Q1/phase2_acceptance_experiments/nnunet_workspace/nnUNet_raw/Dataset501_ERIHCSeg/imagesTr/ERIHC_0053_0000.png,/home/ubuntu/storage3/ER Segmentation/ER_IHC_Q1/phase2_acceptance_experiments/nnunet_workspace/nnUNet_raw/Dataset501_ERIHCSeg/labelsTr/ERIHC_0053.png,True,True,True,True,,RGB,L,"(512, 512, 3)","(512, 512)",uint8,uint8,"[0, 1, 2, 3]",True,0,3
ERIHC_0054,/home/ubuntu/storage3/ER Segmentation/ER_IHC_Q1/phase2_acceptance_experiments/nnunet_workspace/nnUNet_raw/Dataset501_ERIHCSeg/imagesTr/ERIHC_0054_0000.png,/home/ubuntu/storage3/ER Segmentation/ER_IHC_Q1/phase2_acceptance_experiments/nnunet_workspace/nnUNet_raw/Dataset501_ERIHCSeg/labelsTr/ERIHC_0054.png,True,True,True,True,,RGB,L,"(512, 512, 3)","(512, 512)",uint8,uint8,"[0, 1, 2, 3]",True,0,3
ERIHC_0055,/home/ubuntu/storage3/ER Segmentation/ER_IHC_Q1/phase2_acceptance_experiments/nnunet_workspace/nnUNet_raw/Dataset501_ERIHCSeg/imagesTr/ERIHC_0055_0000.png,/home/ubuntu/storage3/ER Segmentation/ER_IHC_Q1/phase2_acceptance_experiments/nnunet_workspace/nnUNet_raw/Dataset501_ERIHCSeg/labelsTr/ERIHC_0055.png,True,True,True,True,,RGB,L,"(512, 512, 3)","(512, 512)",uint8,uint8,"[0, 1, 2, 3, 4]",True,0,4
ERIHC_0056,/home/ubuntu/storage3/ER Segmentation/ER_IHC_Q1/phase2_acceptance_experiments/nnunet_workspace/nnUNet_raw/Dataset501_ERIHCSeg/imagesTr/ERIHC_0056_0000.png,/home/ubuntu/storage3/ER Segmentation/ER_IHC_Q1/phase2_acceptance_experiments/nnunet_workspace/nnUNet_raw/Dataset501_ERIHCSeg/labelsTr/ERIHC_0056.png,True,True,True,True,,RGB,L,"(512, 512, 3)","(512, 512)",uint8,uint8,"[0, 1, 2, 3]",True,0,3
ERIHC_0057,/home/ubuntu/storage3/ER Segmentation/ER_IHC_Q1/phase2_acceptance_experiments/nnunet_workspace/nnUNet_raw/Dataset501_ERIHCSeg/imagesTr/ERIHC_0057_0000.png,/home/ubuntu/storage3/ER Segmentation/ER_IHC_Q1/phase2_acceptance_experiments/nnunet_workspace/nnUNet_raw/Dataset501_ERIHCSeg/labelsTr/ERIHC_0057.png,True,True,True,True,,RGB,L,"(512, 512, 3)","(512, 512)",uint8,uint8,"[0, 1, 2, 3]",True,0,3
ERIHC_0058,/home/ubuntu/storage3/ER Segmentation/ER_IHC_Q1/phase2_acceptance_experiments/nnunet_workspace/nnUNet_raw/Dataset501_ERIHCSeg/imagesTr/ERIHC_0058_0000.png,/home/ubuntu/storage3/ER Segmentation/ER_IHC_Q1/phase2_acceptance_experiments/nnunet_workspace/nnUNet_raw/Dataset501_ERIHCSeg/labelsTr/ERIHC_0058.png,True,True,True,True,,RGB,L,"(512, 512, 3)","(512, 512)",uint8,uint8,"[0, 1, 2, 3]",True,0,3
ERIHC_0059,/home/ubuntu/storage3/ER Segmentation/ER_IHC_Q1/phase2_acceptance_experiments/nnunet_workspace/nnUNet_raw/Dataset501_ERIHCSeg/imagesTr/ERIHC_0059_0000.png,/home/ubuntu/storage3/ER Segmentation/ER_IHC_Q1/phase2_acceptance_experiments/nnunet_workspace/nnUNet_raw/Dataset501_ERIHCSeg/labelsTr/ERIHC_0059.png,True,True,True,True,,RGB,L,"(512, 512, 3)","(512, 512)",uint8,uint8,"[0, 1, 2, 3]",True,0,3
ERIHC_0060,/home/ubuntu/storage3/ER Segmentation/ER_IHC_Q1/phase2_acceptance_experiments/nnunet_workspace/nnUNet_raw/Dataset501_ERIHCSeg/imagesTr/ERIHC_0060_0000.png,/home/ubuntu/storage3/ER Segmentation/ER_IHC_Q1/phase2_acceptance_experiments/nnunet_workspace/nnUNet_raw/Dataset501_ERIHCSeg/labelsTr/ERIHC_0060.png,True,True,True,True,,RGB,L,"(512, 512, 3)","(512, 512)",uint8,uint8,"[0, 1, 2, 3]",True,0,3
ERIHC_0061,/home/ubuntu/storage3/ER Segmentation/ER_IHC_Q1/phase2_acceptance_experiments/nnunet_workspace/nnUNet_raw/Dataset501_ERIHCSeg/imagesTr/ERIHC_0061_0000.png,/home/ubuntu/storage3/ER Segmentation/ER_IHC_Q1/phase2_acceptance_experiments/nnunet_workspace/nnUNet_raw/Dataset501_ERIHCSeg/labelsTr/ERIHC_0061.png,True,True,True,True,,RGB,L,"(512, 512, 3)","(512, 512)",uint8,uint8,"[0, 1, 2, 3]",True,0,3
ERIHC_0062,/home/ubuntu/storage3/ER Segmentation/ER_IHC_Q1/phase2_acceptance_experiments/nnunet_workspace/nnUNet_raw/Dataset501_ERIHCSeg/imagesTr/ERIHC_0062_0000.png,/home/ubuntu/storage3/ER Segmentation/ER_IHC_Q1/phase2_acceptance_experiments/nnunet_workspace/nnUNet_raw/Dataset501_ERIHCSeg/labelsTr/ERIHC_0062.png,True,True,True,True,,RGB,L,"(512, 512, 3)","(512, 512)",uint8,uint8,"[0, 3, 4]",True,0,4
ERIHC_0063,/home/ubuntu/storage3/ER Segmentation/ER_IHC_Q1/phase2_acceptance_experiments/nnunet_workspace/nnUNet_raw/Dataset501_ERIHCSeg/imagesTr/ERIHC_0063_0000.png,/home/ubuntu/storage3/ER Segmentation/ER_IHC_Q1/phase2_acceptance_experiments/nnunet_workspace/nnUNet_raw/Dataset501_ERIHCSeg/labelsTr/ERIHC_0063.png,True,True,True,True,,RGB,L,"(512, 512, 3)","(512, 512)",uint8,uint8,"[0, 1, 2, 3, 4]",True,0,4
ERIHC_0064,/home/ubuntu/storage3/ER Segmentation/ER_IHC_Q1/phase2_acceptance_experiments/nnunet_workspace/nnUNet_raw/Dataset501_ERIHCSeg/imagesTr/ERIHC_0064_0000.png,/home/ubuntu/storage3/ER Segmentation/ER_IHC_Q1/phase2_acceptance_experiments/nnunet_workspace/nnUNet_raw/Dataset501_ERIHCSeg/labelsTr/ERIHC_0064.png,True,True,True,True,,RGB,L,"(512, 512, 3)","(512, 512)",uint8,uint8,"[0, 3, 4]",True,0,4
ERIHC_0065,/home/ubuntu/storage3/ER Segmentation/ER_IHC_Q1/phase2_acceptance_experiments/nnunet_workspace/nnUNet_raw/Dataset501_ERIHCSeg/imagesTr/ERIHC_0065_0000.png,/home/ubuntu/storage3/ER Segmentation/ER_IHC_Q1/phase2_acceptance_experiments/nnunet_workspace/nnUNet_raw/Dataset501_ERIHCSeg/labelsTr/ERIHC_0065.png,True,True,True,True,,RGB,L,"(512, 512, 3)","(512, 512)",uint8,uint8,"[0, 1, 2]",True,0,2
ERIHC_0066,/home/ubuntu/storage3/ER Segmentation/ER_IHC_Q1/phase2_acceptance_experiments/nnunet_workspace/nnUNet_raw/Dataset501_ERIHCSeg/imagesTr/ERIHC_0066_0000.png,/home/ubuntu/storage3/ER Segmentation/ER_IHC_Q1/phase2_acceptance_experiments/nnunet_workspace/nnUNet_raw/Dataset501_ERIHCSeg/labelsTr/ERIHC_0066.png,True,True,True,True,,RGB,L,"(512, 512, 3)","(512, 512)",uint8,uint8,"[0, 1, 2]",True,0,2
ERIHC_0067,/home/ubuntu/storage3/ER Segmentation/ER_IHC_Q1/phase2_acceptance_experiments/nnunet_workspace/nnUNet_raw/Dataset501_ERIHCSeg/imagesTr/ERIHC_0067_0000.png,/home/ubuntu/storage3/ER Segmentation/ER_IHC_Q1/phase2_acceptance_experiments/nnunet_workspace/nnUNet_raw/Dataset501_ERIHCSeg/labelsTr/ERIHC_0067.png,True,True,True,True,,RGB,L,"(512, 512, 3)","(512, 512)",uint8,uint8,"[0, 1, 2]",True,0,2
ERIHC_0068,/home/ubuntu/storage3/ER Segmentation/ER_IHC_Q1/phase2_acceptance_experiments/nnunet_workspace/nnUNet_raw/Dataset501_ERIHCSeg/imagesTr/ERIHC_0068_0000.png,/home/ubuntu/storage3/ER Segmentation/ER_IHC_Q1/phase2_acceptance_experiments/nnunet_workspace/nnUNet_raw/Dataset501_ERIHCSeg/labelsTr/ERIHC_0068.png,True,True,True,True,,RGB,L,"(512, 512, 3)","(512, 512)",uint8,uint8,"[0, 1, 2]",True,0,2
ERIHC_0069,/home/ubuntu/storage3/ER Segmentation/ER_IHC_Q1/phase2_acceptance_experiments/nnunet_workspace/nnUNet_raw/Dataset501_ERIHCSeg/imagesTr/ERIHC_0069_0000.png,/home/ubuntu/storage3/ER Segmentation/ER_IHC_Q1/phase2_acceptance_experiments/nnunet_workspace/nnUNet_raw/Dataset501_ERIHCSeg/labelsTr/ERIHC_0069.png,True,True,True,True,,RGB,L,"(512, 512, 3)","(512, 512)",uint8,uint8,"[0, 1, 2]",True,0,2
ERIHC_0070,/home/ubuntu/storage3/ER Segmentation/ER_IHC_Q1/phase2_acceptance_experiments/nnunet_workspace/nnUNet_raw/Dataset501_ERIHCSeg/imagesTr/ERIHC_0070_0000.png,/home/ubuntu/storage3/ER Segmentation/ER_IHC_Q1/phase2_acceptance_experiments/nnunet_workspace/nnUNet_raw/Dataset501_ERIHCSeg/labelsTr/ERIHC_0070.png,True,True,True,True,,RGB,L,"(512, 512, 3)","(512, 512)",uint8,uint8,"[0, 1]",True,0,1
ERIHC_0071,/home/ubuntu/storage3/ER Segmentation/ER_IHC_Q1/phase2_acceptance_experiments/nnunet_workspace/nnUNet_raw/Dataset501_ERIHCSeg/imagesTr/ERIHC_0071_0000.png,/home/ubuntu/storage3/ER Segmentation/ER_IHC_Q1/phase2_acceptance_experiments/nnunet_workspace/nnUNet_raw/Dataset501_ERIHCSeg/labelsTr/ERIHC_0071.png,True,True,True,True,,RGB,L,"(512, 512, 3)","(512, 512)",uint8,uint8,"[0, 1]",True,0,1
ERIHC_0072,/home/ubuntu/storage3/ER Segmentation/ER_IHC_Q1/phase2_acceptance_experiments/nnunet_workspace/nnUNet_raw/Dataset501_ERIHCSeg/imagesTr/ERIHC_0072_0000.png,/home/ubuntu/storage3/ER Segmentation/ER_IHC_Q1/phase2_acceptance_experiments/nnunet_workspace/nnUNet_raw/Dataset501_ERIHCSeg/labelsTr/ERIHC_0072.png,True,True,True,True,,RGB,L,"(512, 512, 3)","(512, 512)",uint8,uint8,"[0, 1]",True,0,1
ERIHC_0073,/home/ubuntu/storage3/ER Segmentation/ER_IHC_Q1/phase2_acceptance_experiments/nnunet_workspace/nnUNet_raw/Dataset501_ERIHCSeg/imagesTr/ERIHC_0073_0000.png,/home/ubuntu/storage3/ER Segmentation/ER_IHC_Q1/phase2_acceptance_experiments/nnunet_workspace/nnUNet_raw/Dataset501_ERIHCSeg/labelsTr/ERIHC_0073.png,True,True,True,True,,RGB,L,"(512, 512, 3)","(512, 512)",uint8,uint8,"[0, 1]",True,0,1
ERIHC_0074,/home/ubuntu/storage3/ER Segmentation/ER_IHC_Q1/phase2_acceptance_experiments/nnunet_workspace/nnUNet_raw/Dataset501_ERIHCSeg/imagesTr/ERIHC_0074_0000.png,/home/ubuntu/storage3/ER Segmentation/ER_IHC_Q1/phase2_acceptance_experiments/nnunet_workspace/nnUNet_raw/Dataset501_ERIHCSeg/labelsTr/ERIHC_0074.png,True,True,True,True,,RGB,L,"(512, 512, 3)","(512, 512)",uint8,uint8,"[0, 1]",True,0,1
ERIHC_0075,/home/ubuntu/storage3/ER Segmentation/ER_IHC_Q1/phase2_acceptance_experiments/nnunet_workspace/nnUNet_raw/Dataset501_ERIHCSeg/imagesTr/ERIHC_0075_0000.png,/home/ubuntu/storage3/ER Segmentation/ER_IHC_Q1/phase2_acceptance_experiments/nnunet_workspace/nnUNet_raw/Dataset501_ERIHCSeg/labelsTr/ERIHC_0075.png,True,True,True,True,,RGB,L,"(512, 512, 3)","(512, 512)",uint8,uint8,"[0, 1, 2]",True,0,2
ERIHC_0076,/home/ubuntu/storage3/ER Segmentation/ER_IHC_Q1/phase2_acceptance_experiments/nnunet_workspace/nnUNet_raw/Dataset501_ERIHCSeg/imagesTr/ERIHC_0076_0000.png,/home/ubuntu/storage3/ER Segmentation/ER_IHC_Q1/phase2_acceptance_experiments/nnunet_workspace/nnUNet_raw/Dataset501_ERIHCSeg/labelsTr/ERIHC_0076.png,True,True,True,True,,RGB,L,"(512, 512, 3)","(512, 512)",uint8,uint8,"[0, 1]",True,0,1
ERIHC_0077,/home/ubuntu/storage3/ER Segmentation/ER_IHC_Q1/phase2_acceptance_experiments/nnunet_workspace/nnUNet_raw/Dataset501_ERIHCSeg/imagesTr/ERIHC_0077_0000.png,/home/ubuntu/storage3/ER Segmentation/ER_IHC_Q1/phase2_acceptance_experiments/nnunet_workspace/nnUNet_raw/Dataset501_ERIHCSeg/labelsTr/ERIHC_0077.png,True,True,True,True,,RGB,L,"(512, 512, 3)","(512, 512)",uint8,uint8,"[0, 1, 2]",True,0,2
ERIHC_0078,/home/ubuntu/storage3/ER Segmentation/ER_IHC_Q1/phase2_acceptance_experiments/nnunet_workspace/nnUNet_raw/Dataset501_ERIHCSeg/imagesTr/ERIHC_0078_0000.png,/home/ubuntu/storage3/ER Segmentation/ER_IHC_Q1/phase2_acceptance_experiments/nnunet_workspace/nnUNet_raw/Dataset501_ERIHCSeg/labelsTr/ERIHC_0078.png,True,True,True,True,,RGB,L,"(512, 512, 3)","(512, 512)",uint8,uint8,"[0, 1]",True,0,1
ERIHC_0079,/home/ubuntu/storage3/ER Segmentation/ER_IHC_Q1/phase2_acceptance_experiments/nnunet_workspace/nnUNet_raw/Dataset501_ERIHCSeg/imagesTr/ERIHC_0079_0000.png,/home/ubuntu/storage3/ER Segmentation/ER_IHC_Q1/phase2_acceptance_experiments/nnunet_workspace/nnUNet_raw/Dataset501_ERIHCSeg/labelsTr/ERIHC_0079.png,True,True,True,True,,RGB,L,"(512, 512, 3)","(512, 512)",uint8,uint8,"[0, 1]",True,0,1
ERIHC_0080,/home/ubuntu/storage3/ER Segmentation/ER_IHC_Q1/phase2_acceptance_experiments/nnunet_workspace/nnUNet_raw/Dataset501_ERIHCSeg/imagesTr/ERIHC_0080_0000.png,/home/ubuntu/storage3/ER Segmentation/ER_IHC_Q1/phase2_acceptance_experiments/nnunet_workspace/nnUNet_raw/Dataset501_ERIHCSeg/labelsTr/ERIHC_0080.png,True,True,True,True,,RGB,L,"(512, 512, 3)","(512, 512)",uint8,uint8,"[0, 1]",True,0,1
ERIHC_0081,/home/ubuntu/storage3/ER Segmentation/ER_IHC_Q1/phase2_acceptance_experiments/nnunet_workspace/nnUNet_raw/Dataset501_ERIHCSeg/imagesTr/ERIHC_0081_0000.png,/home/ubuntu/storage3/ER Segmentation/ER_IHC_Q1/phase2_acceptance_experiments/nnunet_workspace/nnUNet_raw/Dataset501_ERIHCSeg/labelsTr/ERIHC_0081.png,True,True,True,True,,RGB,L,"(512, 512, 3)","(512, 512)",uint8,uint8,"[0, 1]",True,0,1
ERIHC_0082,/home/ubuntu/storage3/ER Segmentation/ER_IHC_Q1/phase2_acceptance_experiments/nnunet_workspace/nnUNet_raw/Dataset501_ERIHCSeg/imagesTr/ERIHC_0082_0000.png,/home/ubuntu/storage3/ER Segmentation/ER_IHC_Q1/phase2_acceptance_experiments/nnunet_workspace/nnUNet_raw/Dataset501_ERIHCSeg/labelsTr/ERIHC_0082.png,True,True,True,True,,RGB,L,"(512, 512, 3)","(512, 512)",uint8,uint8,"[0, 1]",True,0,1
ERIHC_0083,/home/ubuntu/storage3/ER Segmentation/ER_IHC_Q1/phase2_acceptance_experiments/nnunet_workspace/nnUNet_raw/Dataset501_ERIHCSeg/imagesTr/ERIHC_0083_0000.png,/home/ubuntu/storage3/ER Segmentation/ER_IHC_Q1/phase2_acceptance_experiments/nnunet_workspace/nnUNet_raw/Dataset501_ERIHCSeg/labelsTr/ERIHC_0083.png,True,True,True,True,,RGB,L,"(512, 512, 3)","(512, 512)",uint8,uint8,"[0, 1]",True,0,1
ERIHC_0084,/home/ubuntu/storage3/ER Segmentation/ER_IHC_Q1/phase2_acceptance_experiments/nnunet_workspace/nnUNet_raw/Dataset501_ERIHCSeg/imagesTr/ERIHC_0084_0000.png,/home/ubuntu/storage3/ER Segmentation/ER_IHC_Q1/phase2_acceptance_experiments/nnunet_workspace/nnUNet_raw/Dataset501_ERIHCSeg/labelsTr/ERIHC_0084.png,True,True,True,True,,RGB,L,"(512, 512, 3)","(512, 512)",uint8,uint8,"[0, 1]",True,0,1
ERIHC_0085,/home/ubuntu/storage3/ER Segmentation/ER_IHC_Q1/phase2_acceptance_experiments/nnunet_workspace/nnUNet_raw/Dataset501_ERIHCSeg/imagesTr/ERIHC_0085_0000.png,/home/ubuntu/storage3/ER Segmentation/ER_IHC_Q1/phase2_acceptance_experiments/nnunet_workspace/nnUNet_raw/Dataset501_ERIHCSeg/labelsTr/ERIHC_0085.png,True,True,True,True,,RGB,L,"(512, 512, 3)","(512, 512)",uint8,uint8,"[0, 1]",True,0,1
ERIHC_0086,/home/ubuntu/storage3/ER Segmentation/ER_IHC_Q1/phase2_acceptance_experiments/nnunet_workspace/nnUNet_raw/Dataset501_ERIHCSeg/imagesTr/ERIHC_0086_0000.png,/home/ubuntu/storage3/ER Segmentation/ER_IHC_Q1/phase2_acceptance_experiments/nnunet_workspace/nnUNet_raw/Dataset501_ERIHCSeg/labelsTr/ERIHC_0086.png,True,True,True,True,,RGB,L,"(512, 512, 3)","(512, 512)",uint8,uint8,"[0, 1]",True,0,1
ERIHC_0087,/home/ubuntu/storage3/ER Segmentation/ER_IHC_Q1/phase2_acceptance_experiments/nnunet_workspace/nnUNet_raw/Dataset501_ERIHCSeg/imagesTr/ERIHC_0087_0000.png,/home/ubuntu/storage3/ER Segmentation/ER_IHC_Q1/phase2_acceptance_experiments/nnunet_workspace/nnUNet_raw/Dataset501_ERIHCSeg/labelsTr/ERIHC_0087.png,True,True,True,True,,RGB,L,"(512, 512, 3)","(512, 512)",uint8,uint8,"[0, 1]",True,0,1
ERIHC_0088,/home/ubuntu/storage3/ER Segmentation/ER_IHC_Q1/phase2_acceptance_experiments/nnunet_workspace/nnUNet_raw/Dataset501_ERIHCSeg/imagesTr/ERIHC_0088_0000.png,/home/ubuntu/storage3/ER Segmentation/ER_IHC_Q1/phase2_acceptance_experiments/nnunet_workspace/nnUNet_raw/Dataset501_ERIHCSeg/labelsTr/ERIHC_0088.png,True,True,True,True,,RGB,L,"(512, 512, 3)","(512, 512)",uint8,uint8,"[0, 1]",True,0,1
ERIHC_0089,/home/ubuntu/storage3/ER Segmentation/ER_IHC_Q1/phase2_acceptance_experiments/nnunet_workspace/nnUNet_raw/Dataset501_ERIHCSeg/imagesTr/ERIHC_0089_0000.png,/home/ubuntu/storage3/ER Segmentation/ER_IHC_Q1/phase2_acceptance_experiments/nnunet_workspace/nnUNet_raw/Dataset501_ERIHCSeg/labelsTr/ERIHC_0089.png,True,True,True,True,,RGB,L,"(512, 512, 3)","(512, 512)",uint8,uint8,"[0, 1]",True,0,1
ERIHC_0090,/home/ubuntu/storage3/ER Segmentation/ER_IHC_Q1/phase2_acceptance_experiments/nnunet_workspace/nnUNet_raw/Dataset501_ERIHCSeg/imagesTr/ERIHC_0090_0000.png,/home/ubuntu/storage3/ER Segmentation/ER_IHC_Q1/phase2_acceptance_experiments/nnunet_workspace/nnUNet_raw/Dataset501_ERIHCSeg/labelsTr/ERIHC_0090.png,True,True,True,True,,RGB,L,"(512, 512, 3)","(512, 512)",uint8,uint8,"[0, 1]",True,0,1
ERIHC_0091,/home/ubuntu/storage3/ER Segmentation/ER_IHC_Q1/phase2_acceptance_experiments/nnunet_workspace/nnUNet_raw/Dataset501_ERIHCSeg/imagesTr/ERIHC_0091_0000.png,/home/ubuntu/storage3/ER Segmentation/ER_IHC_Q1/phase2_acceptance_experiments/nnunet_workspace/nnUNet_raw/Dataset501_ERIHCSeg/labelsTr/ERIHC_0091.png,True,True,True,True,,RGB,L,"(512, 512, 3)","(512, 512)",uint8,uint8,"[0, 1]",True,0,1
ERIHC_0092,/home/ubuntu/storage3/ER Segmentation/ER_IHC_Q1/phase2_acceptance_experiments/nnunet_workspace/nnUNet_raw/Dataset501_ERIHCSeg/imagesTr/ERIHC_0092_0000.png,/home/ubuntu/storage3/ER Segmentation/ER_IHC_Q1/phase2_acceptance_experiments/nnunet_workspace/nnUNet_raw/Dataset501_ERIHCSeg/labelsTr/ERIHC_0092.png,True,True,True,True,,RGB,L,"(512, 512, 3)","(512, 512)",uint8,uint8,"[0, 1, 2]",True,0,2
ERIHC_0093,/home/ubuntu/storage3/ER Segmentation/ER_IHC_Q1/phase2_acceptance_experiments/nnunet_workspace/nnUNet_raw/Dataset501_ERIHCSeg/imagesTr/ERIHC_0093_0000.png,/home/ubuntu/storage3/ER Segmentation/ER_IHC_Q1/phase2_acceptance_experiments/nnunet_workspace/nnUNet_raw/Dataset501_ERIHCSeg/labelsTr/ERIHC_0093.png,True,True,True,True,,RGB,L,"(512, 512, 3)","(512, 512)",uint8,uint8,"[0, 1]",True,0,1
ERIHC_0094,/home/ubuntu/storage3/ER Segmentation/ER_IHC_Q1/phase2_acceptance_experiments/nnunet_workspace/nnUNet_raw/Dataset501_ERIHCSeg/imagesTr/ERIHC_0094_0000.png,/home/ubuntu/storage3/ER Segmentation/ER_IHC_Q1/phase2_acceptance_experiments/nnunet_workspace/nnUNet_raw/Dataset501_ERIHCSeg/labelsTr/ERIHC_0094.png,True,True,True,True,,RGB,L,"(512, 512, 3)","(512, 512)",uint8,uint8,"[0, 1]",True,0,1
ERIHC_0095,/home/ubuntu/storage3/ER Segmentation/ER_IHC_Q1/phase2_acceptance_experiments/nnunet_workspace/nnUNet_raw/Dataset501_ERIHCSeg/imagesTr/ERIHC_0095_0000.png,/home/ubuntu/storage3/ER Segmentation/ER_IHC_Q1/phase2_acceptance_experiments/nnunet_workspace/nnUNet_raw/Dataset501_ERIHCSeg/labelsTr/ERIHC_0095.png,True,True,True,True,,RGB,L,"(512, 512, 3)","(512, 512)",uint8,uint8,"[0, 1, 2]",True,0,2
ERIHC_0096,/home/ubuntu/storage3/ER Segmentation/ER_IHC_Q1/phase2_acceptance_experiments/nnunet_workspace/nnUNet_raw/Dataset501_ERIHCSeg/imagesTr/ERIHC_0096_0000.png,/home/ubuntu/storage3/ER Segmentation/ER_IHC_Q1/phase2_acceptance_experiments/nnunet_workspace/nnUNet_raw/Dataset501_ERIHCSeg/labelsTr/ERIHC_0096.png,True,True,True,True,,RGB,L,"(512, 512, 3)","(512, 512)",uint8,uint8,"[0, 1]",True,0,1
ERIHC_0097,/home/ubuntu/storage3/ER Segmentation/ER_IHC_Q1/phase2_acceptance_experiments/nnunet_workspace/nnUNet_raw/Dataset501_ERIHCSeg/imagesTr/ERIHC_0097_0000.png,/home/ubuntu/storage3/ER Segmentation/ER_IHC_Q1/phase2_acceptance_experiments/nnunet_workspace/nnUNet_raw/Dataset501_ERIHCSeg/labelsTr/ERIHC_0097.png,True,True,True,True,,RGB,L,"(512, 512, 3)","(512, 512)",uint8,uint8,"[0, 1, 2]",True,0,2
ERIHC_0098,/home/ubuntu/storage3/ER Segmentation/ER_IHC_Q1/phase2_acceptance_experiments/nnunet_workspace/nnUNet_raw/Dataset501_ERIHCSeg/imagesTr/ERIHC_0098_0000.png,/home/ubuntu/storage3/ER Segmentation/ER_IHC_Q1/phase2_acceptance_experiments/nnunet_workspace/nnUNet_raw/Dataset501_ERIHCSeg/labelsTr/ERIHC_0098.png,True,True,True,True,,RGB,L,"(512, 512, 3)","(512, 512)",uint8,uint8,"[0, 1]",True,0,1
ERIHC_0099,/home/ubuntu/storage3/ER Segmentation/ER_IHC_Q1/phase2_acceptance_experiments/nnunet_workspace/nnUNet_raw/Dataset501_ERIHCSeg/imagesTr/ERIHC_0099_0000.png,/home/ubuntu/storage3/ER Segmentation/ER_IHC_Q1/phase2_acceptance_experiments/nnunet_workspace/nnUNet_raw/Dataset501_ERIHCSeg/labelsTr/ERIHC_0099.png,True,True,True,True,,RGB,L,"(512, 512, 3)","(512, 512)",uint8,uint8,"[0, 1, 2]",True,0,2
ERIHC_0100,/home/ubuntu/storage3/ER Segmentation/ER_IHC_Q1/phase2_acceptance_experiments/nnunet_workspace/nnUNet_raw/Dataset501_ERIHCSeg/imagesTr/ERIHC_0100_0000.png,/home/ubuntu/storage3/ER Segmentation/ER_IHC_Q1/phase2_acceptance_experiments/nnunet_workspace/nnUNet_raw/Dataset501_ERIHCSeg/labelsTr/ERIHC_0100.png,True,True,True,True,,RGB,L,"(512, 512, 3)","(512, 512)",uint8,uint8,"[0, 1]",True,0,1
ERIHC_0101,/home/ubuntu/storage3/ER Segmentation/ER_IHC_Q1/phase2_acceptance_experiments/nnunet_workspace/nnUNet_raw/Dataset501_ERIHCSeg/imagesTr/ERIHC_0101_0000.png,/home/ubuntu/storage3/ER Segmentation/ER_IHC_Q1/phase2_acceptance_experiments/nnunet_workspace/nnUNet_raw/Dataset501_ERIHCSeg/labelsTr/ERIHC_0101.png,True,True,True,True,,RGB,L,"(512, 512, 3)","(512, 512)",uint8,uint8,"[0, 1, 2]",True,0,2
ERIHC_0102,/home/ubuntu/storage3/ER Segmentation/ER_IHC_Q1/phase2_acceptance_experiments/nnunet_workspace/nnUNet_raw/Dataset501_ERIHCSeg/imagesTr/ERIHC_0102_0000.png,/home/ubuntu/storage3/ER Segmentation/ER_IHC_Q1/phase2_acceptance_experiments/nnunet_workspace/nnUNet_raw/Dataset501_ERIHCSeg/labelsTr/ERIHC_0102.png,True,True,True,True,,RGB,L,"(512, 512, 3)","(512, 512)",uint8,uint8,"[0, 1, 2]",True,0,2
ERIHC_0103,/home/ubuntu/storage3/ER Segmentation/ER_IHC_Q1/phase2_acceptance_experiments/nnunet_workspace/nnUNet_raw/Dataset501_ERIHCSeg/imagesTr/ERIHC_0103_0000.png,/home/ubuntu/storage3/ER Segmentation/ER_IHC_Q1/phase2_acceptance_experiments/nnunet_workspace/nnUNet_raw/Dataset501_ERIHCSeg/labelsTr/ERIHC_0103.png,True,True,True,True,,RGB,L,"(512, 512, 3)","(512, 512)",uint8,uint8,"[0, 1]",True,0,1
ERIHC_0104,/home/ubuntu/storage3/ER Segmentation/ER_IHC_Q1/phase2_acceptance_experiments/nnunet_workspace/nnUNet_raw/Dataset501_ERIHCSeg/imagesTr/ERIHC_0104_0000.png,/home/ubuntu/storage3/ER Segmentation/ER_IHC_Q1/phase2_acceptance_experiments/nnunet_workspace/nnUNet_raw/Dataset501_ERIHCSeg/labelsTr/ERIHC_0104.png,True,True,True,True,,RGB,L,"(512, 512, 3)","(512, 512)",uint8,uint8,"[0, 1]",True,0,1
ERIHC_0105,/home/ubuntu/storage3/ER Segmentation/ER_IHC_Q1/phase2_acceptance_experiments/nnunet_workspace/nnUNet_raw/Dataset501_ERIHCSeg/imagesTr/ERIHC_0105_0000.png,/home/ubuntu/storage3/ER Segmentation/ER_IHC_Q1/phase2_acceptance_experiments/nnunet_workspace/nnUNet_raw/Dataset501_ERIHCSeg/labelsTr/ERIHC_0105.png,True,True,True,True,,RGB,L,"(512, 512, 3)","(512, 512)",uint8,uint8,"[0, 1, 2, 3, 4]",True,0,4
ERIHC_0106,/home/ubuntu/storage3/ER Segmentation/ER_IHC_Q1/phase2_acceptance_experiments/nnunet_workspace/nnUNet_raw/Dataset501_ERIHCSeg/imagesTr/ERIHC_0106_0000.png,/home/ubuntu/storage3/ER Segmentation/ER_IHC_Q1/phase2_acceptance_experiments/nnunet_workspace/nnUNet_raw/Dataset501_ERIHCSeg/labelsTr/ERIHC_0106.png,True,True,True,True,,RGB,L,"(512, 512, 3)","(512, 512)",uint8,uint8,"[0, 1, 2, 3, 4]",True,0,4
ERIHC_0107,/home/ubuntu/storage3/ER Segmentation/ER_IHC_Q1/phase2_acceptance_experiments/nnunet_workspace/nnUNet_raw/Dataset501_ERIHCSeg/imagesTr/ERIHC_0107_0000.png,/home/ubuntu/storage3/ER Segmentation/ER_IHC_Q1/phase2_acceptance_experiments/nnunet_workspace/nnUNet_raw/Dataset501_ERIHCSeg/labelsTr/ERIHC_0107.png,True,True,True,True,,RGB,L,"(512, 512, 3)","(512, 512)",uint8,uint8,"[0, 1, 3, 4]",True,0,4
ERIHC_0108,/home/ubuntu/storage3/ER Segmentation/ER_IHC_Q1/phase2_acceptance_experiments/nnunet_workspace/nnUNet_raw/Dataset501_ERIHCSeg/imagesTr/ERIHC_0108_0000.png,/home/ubuntu/storage3/ER Segmentation/ER_IHC_Q1/phase2_acceptance_experiments/nnunet_workspace/nnUNet_raw/Dataset501_ERIHCSeg/labelsTr/ERIHC_0108.png,True,True,True,True,,RGB,L,"(512, 512, 3)","(512, 512)",uint8,uint8,"[0, 1, 2, 3, 4]",True,0,4
ERIHC_0109,/home/ubuntu/storage3/ER Segmentation/ER_IHC_Q1/phase2_acceptance_experiments/nnunet_workspace/nnUNet_raw/Dataset501_ERIHCSeg/imagesTr/ERIHC_0109_0000.png,/home/ubuntu/storage3/ER Segmentation/ER_IHC_Q1/phase2_acceptance_experiments/nnunet_workspace/nnUNet_raw/Dataset501_ERIHCSeg/labelsTr/ERIHC_0109.png,True,True,True,True,,RGB,L,"(512, 512, 3)","(512, 512)",uint8,uint8,"[0, 1, 2, 3]",True,0,3
ERIHC_0110,/home/ubuntu/storage3/ER Segmentation/ER_IHC_Q1/phase2_acceptance_experiments/nnunet_workspace/nnUNet_raw/Dataset501_ERIHCSeg/imagesTr/ERIHC_0110_0000.png,/home/ubuntu/storage3/ER Segmentation/ER_IHC_Q1/phase2_acceptance_experiments/nnunet_workspace/nnUNet_raw/Dataset501_ERIHCSeg/labelsTr/ERIHC_0110.png,True,True,True,True,,RGB,L,"(512, 512, 3)","(512, 512)",uint8,uint8,"[0, 1, 2, 3, 4]",True,0,4
ERIHC_0111,/home/ubuntu/storage3/ER Segmentation/ER_IHC_Q1/phase2_acceptance_experiments/nnunet_workspace/nnUNet_raw/Dataset501_ERIHCSeg/imagesTr/ERIHC_0111_0000.png,/home/ubuntu/storage3/ER Segmentation/ER_IHC_Q1/phase2_acceptance_experiments/nnunet_workspace/nnUNet_raw/Dataset501_ERIHCSeg/labelsTr/ERIHC_0111.png,True,True,True,True,,RGB,L,"(512, 512, 3)","(512, 512)",uint8,uint8,"[0, 1, 2, 3]",True,0,3
ERIHC_0112,/home/ubuntu/storage3/ER Segmentation/ER_IHC_Q1/phase2_acceptance_experiments/nnunet_workspace/nnUNet_raw/Dataset501_ERIHCSeg/imagesTr/ERIHC_0112_0000.png,/home/ubuntu/storage3/ER Segmentation/ER_IHC_Q1/phase2_acceptance_experiments/nnunet_workspace/nnUNet_raw/Dataset501_ERIHCSeg/labelsTr/ERIHC_0112.png,True,True,True,True,,RGB,L,"(512, 512, 3)","(512, 512)",uint8,uint8,"[0, 1, 2, 3]",True,0,3
ERIHC_0113,/home/ubuntu/storage3/ER Segmentation/ER_IHC_Q1/phase2_acceptance_experiments/nnunet_workspace/nnUNet_raw/Dataset501_ERIHCSeg/imagesTr/ERIHC_0113_0000.png,/home/ubuntu/storage3/ER Segmentation/ER_IHC_Q1/phase2_acceptance_experiments/nnunet_workspace/nnUNet_raw/Dataset501_ERIHCSeg/labelsTr/ERIHC_0113.png,True,True,True,True,,RGB,L,"(512, 512, 3)","(512, 512)",uint8,uint8,"[0, 1, 2, 3]",True,0,3
ERIHC_0114,/home/ubuntu/storage3/ER Segmentation/ER_IHC_Q1/phase2_acceptance_experiments/nnunet_workspace/nnUNet_raw/Dataset501_ERIHCSeg/imagesTr/ERIHC_0114_0000.png,/home/ubuntu/storage3/ER Segmentation/ER_IHC_Q1/phase2_acceptance_experiments/nnunet_workspace/nnUNet_raw/Dataset501_ERIHCSeg/labelsTr/ERIHC_0114.png,True,True,True,True,,RGB,L,"(512, 512, 3)","(512, 512)",uint8,uint8,"[0, 1, 2, 3, 4]",True,0,4
ERIHC_0115,/home/ubuntu/storage3/ER Segmentation/ER_IHC_Q1/phase2_acceptance_experiments/nnunet_workspace/nnUNet_raw/Dataset501_ERIHCSeg/imagesTr/ERIHC_0115_0000.png,/home/ubuntu/storage3/ER Segmentation/ER_IHC_Q1/phase2_acceptance_experiments/nnunet_workspace/nnUNet_raw/Dataset501_ERIHCSeg/labelsTr/ERIHC_0115.png,True,True,True,True,,RGB,L,"(512, 512, 3)","(512, 512)",uint8,uint8,"[0, 1, 2, 3, 4]",True,0,4
ERIHC_0116,/home/ubuntu/storage3/ER Segmentation/ER_IHC_Q1/phase2_acceptance_experiments/nnunet_workspace/nnUNet_raw/Dataset501_ERIHCSeg/imagesTr/ERIHC_0116_0000.png,/home/ubuntu/storage3/ER Segmentation/ER_IHC_Q1/phase2_acceptance_experiments/nnunet_workspace/nnUNet_raw/Dataset501_ERIHCSeg/labelsTr/ERIHC_0116.png,True,True,True,True,,RGB,L,"(512, 512, 3)","(512, 512)",uint8,uint8,"[0, 1, 2, 3, 4]",True,0,4
ERIHC_0117,/home/ubuntu/storage3/ER Segmentation/ER_IHC_Q1/phase2_acceptance_experiments/nnunet_workspace/nnUNet_raw/Dataset501_ERIHCSeg/imagesTr/ERIHC_0117_0000.png,/home/ubuntu/storage3/ER Segmentation/ER_IHC_Q1/phase2_acceptance_experiments/nnunet_workspace/nnUNet_raw/Dataset501_ERIHCSeg/labelsTr/ERIHC_0117.png,True,True,True,True,,RGB,L,"(512, 512, 3)","(512, 512)",uint8,uint8,"[0, 1, 2, 3, 4]",True,0,4
ERIHC_0118,/home/ubuntu/storage3/ER Segmentation/ER_IHC_Q1/phase2_acceptance_experiments/nnunet_workspace/nnUNet_raw/Dataset501_ERIHCSeg/imagesTr/ERIHC_0118_0000.png,/home/ubuntu/storage3/ER Segmentation/ER_IHC_Q1/phase2_acceptance_experiments/nnunet_workspace/nnUNet_raw/Dataset501_ERIHCSeg/labelsTr/ERIHC_0118.png,True,True,True,True,,RGB,L,"(512, 512, 3)","(512, 512)",uint8,uint8,"[0, 1, 2, 3, 4]",True,0,4
ERIHC_0119,/home/ubuntu/storage3/ER Segmentation/ER_IHC_Q1/phase2_acceptance_experiments/nnunet_workspace/nnUNet_raw/Dataset501_ERIHCSeg/imagesTr/ERIHC_0119_0000.png,/home/ubuntu/storage3/ER Segmentation/ER_IHC_Q1/phase2_acceptance_experiments/nnunet_workspace/nnUNet_raw/Dataset501_ERIHCSeg/labelsTr/ERIHC_0119.png,True,True,True,True,,RGB,L,"(512, 512, 3)","(512, 512)",uint8,uint8,"[0, 1, 3, 4]",True,0,4
ERIHC_0120,/home/ubuntu/storage3/ER Segmentation/ER_IHC_Q1/phase2_acceptance_experiments/nnunet_workspace/nnUNet_raw/Dataset501_ERIHCSeg/imagesTr/ERIHC_0120_0000.png,/home/ubuntu/storage3/ER Segmentation/ER_IHC_Q1/phase2_acceptance_experiments/nnunet_workspace/nnUNet_raw/Dataset501_ERIHCSeg/labelsTr/ERIHC_0120.png,True,True,True,True,,RGB,L,"(512, 512, 3)","(512, 512)",uint8,uint8,"[0, 1, 3, 4]",True,0,4
ERIHC_0121,/home/ubuntu/storage3/ER Segmentation/ER_IHC_Q1/phase2_acceptance_experiments/nnunet_workspace/nnUNet_raw/Dataset501_ERIHCSeg/imagesTr/ERIHC_0121_0000.png,/home/ubuntu/storage3/ER Segmentation/ER_IHC_Q1/phase2_acceptance_experiments/nnunet_workspace/nnUNet_raw/Dataset501_ERIHCSeg/labelsTr/ERIHC_0121.png,True,True,True,True,,RGB,L,"(512, 512, 3)","(512, 512)",uint8,uint8,"[0, 1, 3, 4]",True,0,4
ERIHC_0122,/home/ubuntu/storage3/ER Segmentation/ER_IHC_Q1/phase2_acceptance_experiments/nnunet_workspace/nnUNet_raw/Dataset501_ERIHCSeg/imagesTr/ERIHC_0122_0000.png,/home/ubuntu/storage3/ER Segmentation/ER_IHC_Q1/phase2_acceptance_experiments/nnunet_workspace/nnUNet_raw/Dataset501_ERIHCSeg/labelsTr/ERIHC_0122.png,True,True,True,True,,RGB,L,"(512, 512, 3)","(512, 512)",uint8,uint8,"[0, 1, 2, 3, 4]",True,0,4
ERIHC_0123,/home/ubuntu/storage3/ER Segmentation/ER_IHC_Q1/phase2_acceptance_experiments/nnunet_workspace/nnUNet_raw/Dataset501_ERIHCSeg/imagesTr/ERIHC_0123_0000.png,/home/ubuntu/storage3/ER Segmentation/ER_IHC_Q1/phase2_acceptance_experiments/nnunet_workspace/nnUNet_raw/Dataset501_ERIHCSeg/labelsTr/ERIHC_0123.png,True,True,True,True,,RGB,L,"(512, 512, 3)","(512, 512)",uint8,uint8,"[0, 1, 2, 3, 4]",True,0,4
ERIHC_0124,/home/ubuntu/storage3/ER Segmentation/ER_IHC_Q1/phase2_acceptance_experiments/nnunet_workspace/nnUNet_raw/Dataset501_ERIHCSeg/imagesTr/ERIHC_0124_0000.png,/home/ubuntu/storage3/ER Segmentation/ER_IHC_Q1/phase2_acceptance_experiments/nnunet_workspace/nnUNet_raw/Dataset501_ERIHCSeg/labelsTr/ERIHC_0124.png,True,True,True,True,,RGB,L,"(512, 512, 3)","(512, 512)",uint8,uint8,"[0, 1, 2, 3]",True,0,3
ERIHC_0125,/home/ubuntu/storage3/ER Segmentation/ER_IHC_Q1/phase2_acceptance_experiments/nnunet_workspace/nnUNet_raw/Dataset501_ERIHCSeg/imagesTr/ERIHC_0125_0000.png,/home/ubuntu/storage3/ER Segmentation/ER_IHC_Q1/phase2_acceptance_experiments/nnunet_workspace/nnUNet_raw/Dataset501_ERIHCSeg/labelsTr/ERIHC_0125.png,True,True,True,True,,RGB,L,"(512, 512, 3)","(512, 512)",uint8,uint8,"[0, 1, 3, 4]",True,0,4
ERIHC_0126,/home/ubuntu/storage3/ER Segmentation/ER_IHC_Q1/phase2_acceptance_experiments/nnunet_workspace/nnUNet_raw/Dataset501_ERIHCSeg/imagesTr/ERIHC_0126_0000.png,/home/ubuntu/storage3/ER Segmentation/ER_IHC_Q1/phase2_acceptance_experiments/nnunet_workspace/nnUNet_raw/Dataset501_ERIHCSeg/labelsTr/ERIHC_0126.png,True,True,True,True,,RGB,L,"(512, 512, 3)","(512, 512)",uint8,uint8,"[0, 1, 2, 3, 4]",True,0,4
ERIHC_0127,/home/ubuntu/storage3/ER Segmentation/ER_IHC_Q1/phase2_acceptance_experiments/nnunet_workspace/nnUNet_raw/Dataset501_ERIHCSeg/imagesTr/ERIHC_0127_0000.png,/home/ubuntu/storage3/ER Segmentation/ER_IHC_Q1/phase2_acceptance_experiments/nnunet_workspace/nnUNet_raw/Dataset501_ERIHCSeg/labelsTr/ERIHC_0127.png,True,True,True,True,,RGB,L,"(512, 512, 3)","(512, 512)",uint8,uint8,"[0, 1, 2, 3, 4]",True,0,4
ERIHC_0128,/home/ubuntu/storage3/ER Segmentation/ER_IHC_Q1/phase2_acceptance_experiments/nnunet_workspace/nnUNet_raw/Dataset501_ERIHCSeg/imagesTr/ERIHC_0128_0000.png,/home/ubuntu/storage3/ER Segmentation/ER_IHC_Q1/phase2_acceptance_experiments/nnunet_workspace/nnUNet_raw/Dataset501_ERIHCSeg/labelsTr/ERIHC_0128.png,True,True,True,True,,RGB,L,"(512, 512, 3)","(512, 512)",uint8,uint8,"[0, 1, 2, 3, 4]",True,0,4
ERIHC_0129,/home/ubuntu/storage3/ER Segmentation/ER_IHC_Q1/phase2_acceptance_experiments/nnunet_workspace/nnUNet_raw/Dataset501_ERIHCSeg/imagesTr/ERIHC_0129_0000.png,/home/ubuntu/storage3/ER Segmentation/ER_IHC_Q1/phase2_acceptance_experiments/nnunet_workspace/nnUNet_raw/Dataset501_ERIHCSeg/labelsTr/ERIHC_0129.png,True,True,True,True,,RGB,L,"(512, 512, 3)","(512, 512)",uint8,uint8,"[0, 1]",True,0,1
ERIHC_0130,/home/ubuntu/storage3/ER Segmentation/ER_IHC_Q1/phase2_acceptance_experiments/nnunet_workspace/nnUNet_raw/Dataset501_ERIHCSeg/imagesTr/ERIHC_0130_0000.png,/home/ubuntu/storage3/ER Segmentation/ER_IHC_Q1/phase2_acceptance_experiments/nnunet_workspace/nnUNet_raw/Dataset501_ERIHCSeg/labelsTr/ERIHC_0130.png,True,True,True,True,,RGB,L,"(512, 512, 3)","(512, 512)",uint8,uint8,"[0, 1, 2]",True,0,2
ERIHC_0131,/home/ubuntu/storage3/ER Segmentation/ER_IHC_Q1/phase2_acceptance_experiments/nnunet_workspace/nnUNet_raw/Dataset501_ERIHCSeg/imagesTr/ERIHC_0131_0000.png,/home/ubuntu/storage3/ER Segmentation/ER_IHC_Q1/phase2_acceptance_experiments/nnunet_workspace/nnUNet_raw/Dataset501_ERIHCSeg/labelsTr/ERIHC_0131.png,True,True,True,True,,RGB,L,"(512, 512, 3)","(512, 512)",uint8,uint8,"[0, 1]",True,0,1
ERIHC_0132,/home/ubuntu/storage3/ER Segmentation/ER_IHC_Q1/phase2_acceptance_experiments/nnunet_workspace/nnUNet_raw/Dataset501_ERIHCSeg/imagesTr/ERIHC_0132_0000.png,/home/ubuntu/storage3/ER Segmentation/ER_IHC_Q1/phase2_acceptance_experiments/nnunet_workspace/nnUNet_raw/Dataset501_ERIHCSeg/labelsTr/ERIHC_0132.png,True,True,True,True,,RGB,L,"(512, 512, 3)","(512, 512)",uint8,uint8,"[0, 1, 2]",True,0,2
ERIHC_0133,/home/ubuntu/storage3/ER Segmentation/ER_IHC_Q1/phase2_acceptance_experiments/nnunet_workspace/nnUNet_raw/Dataset501_ERIHCSeg/imagesTr/ERIHC_0133_0000.png,/home/ubuntu/storage3/ER Segmentation/ER_IHC_Q1/phase2_acceptance_experiments/nnunet_workspace/nnUNet_raw/Dataset501_ERIHCSeg/labelsTr/ERIHC_0133.png,True,True,True,True,,RGB,L,"(512, 512, 3)","(512, 512)",uint8,uint8,"[0, 1, 3, 4]",True,0,4
ERIHC_0134,/home/ubuntu/storage3/ER Segmentation/ER_IHC_Q1/phase2_acceptance_experiments/nnunet_workspace/nnUNet_raw/Dataset501_ERIHCSeg/imagesTr/ERIHC_0134_0000.png,/home/ubuntu/storage3/ER Segmentation/ER_IHC_Q1/phase2_acceptance_experiments/nnunet_workspace/nnUNet_raw/Dataset501_ERIHCSeg/labelsTr/ERIHC_0134.png,True,True,True,True,,RGB,L,"(512, 512, 3)","(512, 512)",uint8,uint8,"[0, 1, 2, 3, 4]",True,0,4
ERIHC_0135,/home/ubuntu/storage3/ER Segmentation/ER_IHC_Q1/phase2_acceptance_experiments/nnunet_workspace/nnUNet_raw/Dataset501_ERIHCSeg/imagesTr/ERIHC_0135_0000.png,/home/ubuntu/storage3/ER Segmentation/ER_IHC_Q1/phase2_acceptance_experiments/nnunet_workspace/nnUNet_raw/Dataset501_ERIHCSeg/labelsTr/ERIHC_0135.png,True,True,True,True,,RGB,L,"(512, 512, 3)","(512, 512)",uint8,uint8,"[0, 1, 2, 3, 4]",True,0,4
ERIHC_0136,/home/ubuntu/storage3/ER Segmentation/ER_IHC_Q1/phase2_acceptance_experiments/nnunet_workspace/nnUNet_raw/Dataset501_ERIHCSeg/imagesTr/ERIHC_0136_0000.png,/home/ubuntu/storage3/ER Segmentation/ER_IHC_Q1/phase2_acceptance_experiments/nnunet_workspace/nnUNet_raw/Dataset501_ERIHCSeg/labelsTr/ERIHC_0136.png,True,True,True,True,,RGB,L,"(512, 512, 3)","(512, 512)",uint8,uint8,"[0, 1, 2, 3, 4]",True,0,4
ERIHC_0137,/home/ubuntu/storage3/ER Segmentation/ER_IHC_Q1/phase2_acceptance_experiments/nnunet_workspace/nnUNet_raw/Dataset501_ERIHCSeg/imagesTr/ERIHC_0137_0000.png,/home/ubuntu/storage3/ER Segmentation/ER_IHC_Q1/phase2_acceptance_experiments/nnunet_workspace/nnUNet_raw/Dataset501_ERIHCSeg/labelsTr/ERIHC_0137.png,True,True,True,True,,RGB,L,"(512, 512, 3)","(512, 512)",uint8,uint8,"[0, 1, 3, 4]",True,0,4
ERIHC_0138,/home/ubuntu/storage3/ER Segmentation/ER_IHC_Q1/phase2_acceptance_experiments/nnunet_workspace/nnUNet_raw/Dataset501_ERIHCSeg/imagesTr/ERIHC_0138_0000.png,/home/ubuntu/storage3/ER Segmentation/ER_IHC_Q1/phase2_acceptance_experiments/nnunet_workspace/nnUNet_raw/Dataset501_ERIHCSeg/labelsTr/ERIHC_0138.png,True,True,True,True,,RGB,L,"(512, 512, 3)","(512, 512)",uint8,uint8,"[0, 1, 2]",True,0,2
ERIHC_0139,/home/ubuntu/storage3/ER Segmentation/ER_IHC_Q1/phase2_acceptance_experiments/nnunet_workspace/nnUNet_raw/Dataset501_ERIHCSeg/imagesTr/ERIHC_0139_0000.png,/home/ubuntu/storage3/ER Segmentation/ER_IHC_Q1/phase2_acceptance_experiments/nnunet_workspace/nnUNet_raw/Dataset501_ERIHCSeg/labelsTr/ERIHC_0139.png,True,True,True,True,,RGB,L,"(512, 512, 3)","(512, 512)",uint8,uint8,"[0, 1, 2, 3]",True,0,3
ERIHC_0140,/home/ubuntu/storage3/ER Segmentation/ER_IHC_Q1/phase2_acceptance_experiments/nnunet_workspace/nnUNet_raw/Dataset501_ERIHCSeg/imagesTr/ERIHC_0140_0000.png,/home/ubuntu/storage3/ER Segmentation/ER_IHC_Q1/phase2_acceptance_experiments/nnunet_workspace/nnUNet_raw/Dataset501_ERIHCSeg/labelsTr/ERIHC_0140.png,True,True,True,True,,RGB,L,"(512, 512, 3)","(512, 512)",uint8,uint8,"[0, 1, 2, 3]",True,0,3
ERIHC_0141,/home/ubuntu/storage3/ER Segmentation/ER_IHC_Q1/phase2_acceptance_experiments/nnunet_workspace/nnUNet_raw/Dataset501_ERIHCSeg/imagesTr/ERIHC_0141_0000.png,/home/ubuntu/storage3/ER Segmentation/ER_IHC_Q1/phase2_acceptance_experiments/nnunet_workspace/nnUNet_raw/Dataset501_ERIHCSeg/labelsTr/ERIHC_0141.png,True,True,True,True,,RGB,L,"(512, 512, 3)","(512, 512)",uint8,uint8,"[0, 1, 2]",True,0,2
ERIHC_0142,/home/ubuntu/storage3/ER Segmentation/ER_IHC_Q1/phase2_acceptance_experiments/nnunet_workspace/nnUNet_raw/Dataset501_ERIHCSeg/imagesTr/ERIHC_0142_0000.png,/home/ubuntu/storage3/ER Segmentation/ER_IHC_Q1/phase2_acceptance_experiments/nnunet_workspace/nnUNet_raw/Dataset501_ERIHCSeg/labelsTr/ERIHC_0142.png,True,True,True,True,,RGB,L,"(512, 512, 3)","(512, 512)",uint8,uint8,"[0, 1, 2]",True,0,2
ERIHC_0143,/home/ubuntu/storage3/ER Segmentation/ER_IHC_Q1/phase2_acceptance_experiments/nnunet_workspace/nnUNet_raw/Dataset501_ERIHCSeg/imagesTr/ERIHC_0143_0000.png,/home/ubuntu/storage3/ER Segmentation/ER_IHC_Q1/phase2_acceptance_experiments/nnunet_workspace/nnUNet_raw/Dataset501_ERIHCSeg/labelsTr/ERIHC_0143.png,True,True,True,True,,RGB,L,"(512, 512, 3)","(512, 512)",uint8,uint8,"[0, 1, 3, 4]",True,0,4
ERIHC_0144,/home/ubuntu/storage3/ER Segmentation/ER_IHC_Q1/phase2_acceptance_experiments/nnunet_workspace/nnUNet_raw/Dataset501_ERIHCSeg/imagesTr/ERIHC_0144_0000.png,/home/ubuntu/storage3/ER Segmentation/ER_IHC_Q1/phase2_acceptance_experiments/nnunet_workspace/nnUNet_raw/Dataset501_ERIHCSeg/labelsTr/ERIHC_0144.png,True,True,True,True,,RGB,L,"(512, 512, 3)","(512, 512)",uint8,uint8,"[0, 1, 2, 3, 4]",True,0,4
ERIHC_0145,/home/ubuntu/storage3/ER Segmentation/ER_IHC_Q1/phase2_acceptance_experiments/nnunet_workspace/nnUNet_raw/Dataset501_ERIHCSeg/imagesTr/ERIHC_0145_0000.png,/home/ubuntu/storage3/ER Segmentation/ER_IHC_Q1/phase2_acceptance_experiments/nnunet_workspace/nnUNet_raw/Dataset501_ERIHCSeg/labelsTr/ERIHC_0145.png,True,True,True,True,,RGB,L,"(512, 512, 3)","(512, 512)",uint8,uint8,"[0, 1, 2, 3, 4]",True,0,4
ERIHC_0146,/home/ubuntu/storage3/ER Segmentation/ER_IHC_Q1/phase2_acceptance_experiments/nnunet_workspace/nnUNet_raw/Dataset501_ERIHCSeg/imagesTr/ERIHC_0146_0000.png,/home/ubuntu/storage3/ER Segmentation/ER_IHC_Q1/phase2_acceptance_experiments/nnunet_workspace/nnUNet_raw/Dataset501_ERIHCSeg/labelsTr/ERIHC_0146.png,True,True,True,True,,RGB,L,"(512, 512, 3)","(512, 512)",uint8,uint8,"[0, 1, 2, 3, 4]",True,0,4
ERIHC_0147,/home/ubuntu/storage3/ER Segmentation/ER_IHC_Q1/phase2_acceptance_experiments/nnunet_workspace/nnUNet_raw/Dataset501_ERIHCSeg/imagesTr/ERIHC_0147_0000.png,/home/ubuntu/storage3/ER Segmentation/ER_IHC_Q1/phase2_acceptance_experiments/nnunet_workspace/nnUNet_raw/Dataset501_ERIHCSeg/labelsTr/ERIHC_0147.png,True,True,True,True,,RGB,L,"(512, 512, 3)","(512, 512)",uint8,uint8,"[0, 1, 2, 3, 4]",True,0,4
ERIHC_0148,/home/ubuntu/storage3/ER Segmentation/ER_IHC_Q1/phase2_acceptance_experiments/nnunet_workspace/nnUNet_raw/Dataset501_ERIHCSeg/imagesTr/ERIHC_0148_0000.png,/home/ubuntu/storage3/ER Segmentation/ER_IHC_Q1/phase2_acceptance_experiments/nnunet_workspace/nnUNet_raw/Dataset501_ERIHCSeg/labelsTr/ERIHC_0148.png,True,True,True,True,,RGB,L,"(512, 512, 3)","(512, 512)",uint8,uint8,"[0, 1, 2, 3, 4]",True,0,4
ERIHC_0149,/home/ubuntu/storage3/ER Segmentation/ER_IHC_Q1/phase2_acceptance_experiments/nnunet_workspace/nnUNet_raw/Dataset501_ERIHCSeg/imagesTr/ERIHC_0149_0000.png,/home/ubuntu/storage3/ER Segmentation/ER_IHC_Q1/phase2_acceptance_experiments/nnunet_workspace/nnUNet_raw/Dataset501_ERIHCSeg/labelsTr/ERIHC_0149.png,True,True,True,True,,RGB,L,"(512, 512, 3)","(512, 512)",uint8,uint8,"[0, 1, 2, 3, 4]",True,0,4
ERIHC_0150,/home/ubuntu/storage3/ER Segmentation/ER_IHC_Q1/phase2_acceptance_experiments/nnunet_workspace/nnUNet_raw/Dataset501_ERIHCSeg/imagesTr/ERIHC_0150_0000.png,/home/ubuntu/storage3/ER Segmentation/ER_IHC_Q1/phase2_acceptance_experiments/nnunet_workspace/nnUNet_raw/Dataset501_ERIHCSeg/labelsTr/ERIHC_0150.png,True,True,True,True,,RGB,L,"(512, 512, 3)","(512, 512)",uint8,uint8,"[0, 1, 2, 3, 4]",True,0,4
ERIHC_0151,/home/ubuntu/storage3/ER Segmentation/ER_IHC_Q1/phase2_acceptance_experiments/nnunet_workspace/nnUNet_raw/Dataset501_ERIHCSeg/imagesTr/ERIHC_0151_0000.png,/home/ubuntu/storage3/ER Segmentation/ER_IHC_Q1/phase2_acceptance_experiments/nnunet_workspace/nnUNet_raw/Dataset501_ERIHCSeg/labelsTr/ERIHC_0151.png,True,True,True,True,,RGB,L,"(512, 512, 3)","(512, 512)",uint8,uint8,"[0, 1, 2, 3, 4]",True,0,4
ERIHC_0152,/home/ubuntu/storage3/ER Segmentation/ER_IHC_Q1/phase2_acceptance_experiments/nnunet_workspace/nnUNet_raw/Dataset501_ERIHCSeg/imagesTr/ERIHC_0152_0000.png,/home/ubuntu/storage3/ER Segmentation/ER_IHC_Q1/phase2_acceptance_experiments/nnunet_workspace/nnUNet_raw/Dataset501_ERIHCSeg/labelsTr/ERIHC_0152.png,True,True,True,True,,RGB,L,"(512, 512, 3)","(512, 512)",uint8,uint8,"[0, 1, 2, 3, 4]",True,0,4
ERIHC_0153,/home/ubuntu/storage3/ER Segmentation/ER_IHC_Q1/phase2_acceptance_experiments/nnunet_workspace/nnUNet_raw/Dataset501_ERIHCSeg/imagesTr/ERIHC_0153_0000.png,/home/ubuntu/storage3/ER Segmentation/ER_IHC_Q1/phase2_acceptance_experiments/nnunet_workspace/nnUNet_raw/Dataset501_ERIHCSeg/labelsTr/ERIHC_0153.png,True,True,True,True,,RGB,L,"(512, 512, 3)","(512, 512)",uint8,uint8,"[0, 1, 2]",True,0,2
ERIHC_0154,/home/ubuntu/storage3/ER Segmentation/ER_IHC_Q1/phase2_acceptance_experiments/nnunet_workspace/nnUNet_raw/Dataset501_ERIHCSeg/imagesTr/ERIHC_0154_0000.png,/home/ubuntu/storage3/ER Segmentation/ER_IHC_Q1/phase2_acceptance_experiments/nnunet_workspace/nnUNet_raw/Dataset501_ERIHCSeg/labelsTr/ERIHC_0154.png,True,True,True,True,,RGB,L,"(512, 512, 3)","(512, 512)",uint8,uint8,"[0, 1]",True,0,1
ERIHC_0155,/home/ubuntu/storage3/ER Segmentation/ER_IHC_Q1/phase2_acceptance_experiments/nnunet_workspace/nnUNet_raw/Dataset501_ERIHCSeg/imagesTr/ERIHC_0155_0000.png,/home/ubuntu/storage3/ER Segmentation/ER_IHC_Q1/phase2_acceptance_experiments/nnunet_workspace/nnUNet_raw/Dataset501_ERIHCSeg/labelsTr/ERIHC_0155.png,True,True,True,True,,RGB,L,"(512, 512, 3)","(512, 512)",uint8,uint8,"[0, 1]",True,0,1
ERIHC_0156,/home/ubuntu/storage3/ER Segmentation/ER_IHC_Q1/phase2_acceptance_experiments/nnunet_workspace/nnUNet_raw/Dataset501_ERIHCSeg/imagesTr/ERIHC_0156_0000.png,/home/ubuntu/storage3/ER Segmentation/ER_IHC_Q1/phase2_acceptance_experiments/nnunet_workspace/nnUNet_raw/Dataset501_ERIHCSeg/labelsTr/ERIHC_0156.png,True,True,True,True,,RGB,L,"(512, 512, 3)","(512, 512)",uint8,uint8,"[0, 1]",True,0,1
ERIHC_0157,/home/ubuntu/storage3/ER Segmentation/ER_IHC_Q1/phase2_acceptance_experiments/nnunet_workspace/nnUNet_raw/Dataset501_ERIHCSeg/imagesTr/ERIHC_0157_0000.png,/home/ubuntu/storage3/ER Segmentation/ER_IHC_Q1/phase2_acceptance_experiments/nnunet_workspace/nnUNet_raw/Dataset501_ERIHCSeg/labelsTr/ERIHC_0157.png,True,True,True,True,,RGB,L,"(512, 512, 3)","(512, 512)",uint8,uint8,"[0, 1, 2]",True,0,2
ERIHC_0158,/home/ubuntu/storage3/ER Segmentation/ER_IHC_Q1/phase2_acceptance_experiments/nnunet_workspace/nnUNet_raw/Dataset501_ERIHCSeg/imagesTr/ERIHC_0158_0000.png,/home/ubuntu/storage3/ER Segmentation/ER_IHC_Q1/phase2_acceptance_experiments/nnunet_workspace/nnUNet_raw/Dataset501_ERIHCSeg/labelsTr/ERIHC_0158.png,True,True,True,True,,RGB,L,"(512, 512, 3)","(512, 512)",uint8,uint8,"[0, 1, 2, 3, 4]",True,0,4
ERIHC_0159,/home/ubuntu/storage3/ER Segmentation/ER_IHC_Q1/phase2_acceptance_experiments/nnunet_workspace/nnUNet_raw/Dataset501_ERIHCSeg/imagesTr/ERIHC_0159_0000.png,/home/ubuntu/storage3/ER Segmentation/ER_IHC_Q1/phase2_acceptance_experiments/nnunet_workspace/nnUNet_raw/Dataset501_ERIHCSeg/labelsTr/ERIHC_0159.png,True,True,True,True,,RGB,L,"(512, 512, 3)","(512, 512)",uint8,uint8,"[0, 1, 2, 3, 4]",True,0,4
ERIHC_0160,/home/ubuntu/storage3/ER Segmentation/ER_IHC_Q1/phase2_acceptance_experiments/nnunet_workspace/nnUNet_raw/Dataset501_ERIHCSeg/imagesTr/ERIHC_0160_0000.png,/home/ubuntu/storage3/ER Segmentation/ER_IHC_Q1/phase2_acceptance_experiments/nnunet_workspace/nnUNet_raw/Dataset501_ERIHCSeg/labelsTr/ERIHC_0160.png,True,True,True,True,,RGB,L,"(512, 512, 3)","(512, 512)",uint8,uint8,"[0, 1, 2, 3, 4]",True,0,4
ERIHC_0161,/home/ubuntu/storage3/ER Segmentation/ER_IHC_Q1/phase2_acceptance_experiments/nnunet_workspace/nnUNet_raw/Dataset501_ERIHCSeg/imagesTr/ERIHC_0161_0000.png,/home/ubuntu/storage3/ER Segmentation/ER_IHC_Q1/phase2_acceptance_experiments/nnunet_workspace/nnUNet_raw/Dataset501_ERIHCSeg/labelsTr/ERIHC_0161.png,True,True,True,True,,RGB,L,"(512, 512, 3)","(512, 512)",uint8,uint8,"[0, 1, 2, 3, 4]",True,0,4
ERIHC_0162,/home/ubuntu/storage3/ER Segmentation/ER_IHC_Q1/phase2_acceptance_experiments/nnunet_workspace/nnUNet_raw/Dataset501_ERIHCSeg/imagesTr/ERIHC_0162_0000.png,/home/ubuntu/storage3/ER Segmentation/ER_IHC_Q1/phase2_acceptance_experiments/nnunet_workspace/nnUNet_raw/Dataset501_ERIHCSeg/labelsTr/ERIHC_0162.png,True,True,True,True,,RGB,L,"(512, 512, 3)","(512, 512)",uint8,uint8,"[0, 1, 2, 3, 4]",True,0,4
ERIHC_0163,/home/ubuntu/storage3/ER Segmentation/ER_IHC_Q1/phase2_acceptance_experiments/nnunet_workspace/nnUNet_raw/Dataset501_ERIHCSeg/imagesTr/ERIHC_0163_0000.png,/home/ubuntu/storage3/ER Segmentation/ER_IHC_Q1/phase2_acceptance_experiments/nnunet_workspace/nnUNet_raw/Dataset501_ERIHCSeg/labelsTr/ERIHC_0163.png,True,True,True,True,,RGB,L,"(512, 512, 3)","(512, 512)",uint8,uint8,"[0, 1]",True,0,1
ERIHC_0164,/home/ubuntu/storage3/ER Segmentation/ER_IHC_Q1/phase2_acceptance_experiments/nnunet_workspace/nnUNet_raw/Dataset501_ERIHCSeg/imagesTr/ERIHC_0164_0000.png,/home/ubuntu/storage3/ER Segmentation/ER_IHC_Q1/phase2_acceptance_experiments/nnunet_workspace/nnUNet_raw/Dataset501_ERIHCSeg/labelsTr/ERIHC_0164.png,True,True,True,True,,RGB,L,"(512, 512, 3)","(512, 512)",uint8,uint8,"[0, 1]",True,0,1
ERIHC_0165,/home/ubuntu/storage3/ER Segmentation/ER_IHC_Q1/phase2_acceptance_experiments/nnunet_workspace/nnUNet_raw/Dataset501_ERIHCSeg/imagesTr/ERIHC_0165_0000.png,/home/ubuntu/storage3/ER Segmentation/ER_IHC_Q1/phase2_acceptance_experiments/nnunet_workspace/nnUNet_raw/Dataset501_ERIHCSeg/labelsTr/ERIHC_0165.png,True,True,True,True,,RGB,L,"(512, 512, 3)","(512, 512)",uint8,uint8,"[0, 1]",True,0,1
ERIHC_0166,/home/ubuntu/storage3/ER Segmentation/ER_IHC_Q1/phase2_acceptance_experiments/nnunet_workspace/nnUNet_raw/Dataset501_ERIHCSeg/imagesTr/ERIHC_0166_0000.png,/home/ubuntu/storage3/ER Segmentation/ER_IHC_Q1/phase2_acceptance_experiments/nnunet_workspace/nnUNet_raw/Dataset501_ERIHCSeg/labelsTr/ERIHC_0166.png,True,True,True,True,,RGB,L,"(512, 512, 3)","(512, 512)",uint8,uint8,"[0, 1]",True,0,1
ERIHC_0167,/home/ubuntu/storage3/ER Segmentation/ER_IHC_Q1/phase2_acceptance_experiments/nnunet_workspace/nnUNet_raw/Dataset501_ERIHCSeg/imagesTr/ERIHC_0167_0000.png,/home/ubuntu/storage3/ER Segmentation/ER_IHC_Q1/phase2_acceptance_experiments/nnunet_workspace/nnUNet_raw/Dataset501_ERIHCSeg/labelsTr/ERIHC_0167.png,True,True,True,True,,RGB,L,"(512, 512, 3)","(512, 512)",uint8,uint8,"[0, 1]",True,0,1
ERIHC_0168,/home/ubuntu/storage3/ER Segmentation/ER_IHC_Q1/phase2_acceptance_experiments/nnunet_workspace/nnUNet_raw/Dataset501_ERIHCSeg/imagesTr/ERIHC_0168_0000.png,/home/ubuntu/storage3/ER Segmentation/ER_IHC_Q1/phase2_acceptance_experiments/nnunet_workspace/nnUNet_raw/Dataset501_ERIHCSeg/labelsTr/ERIHC_0168.png,True,True,True,True,,RGB,L,"(512, 512, 3)","(512, 512)",uint8,uint8,"[0, 1, 2, 3, 4]",True,0,4
ERIHC_0169,/home/ubuntu/storage3/ER Segmentation/ER_IHC_Q1/phase2_acceptance_experiments/nnunet_workspace/nnUNet_raw/Dataset501_ERIHCSeg/imagesTr/ERIHC_0169_0000.png,/home/ubuntu/storage3/ER Segmentation/ER_IHC_Q1/phase2_acceptance_experiments/nnunet_workspace/nnUNet_raw/Dataset501_ERIHCSeg/labelsTr/ERIHC_0169.png,True,True,True,True,,RGB,L,"(512, 512, 3)","(512, 512)",uint8,uint8,"[0, 1, 2, 3]",True,0,3
ERIHC_0170,/home/ubuntu/storage3/ER Segmentation/ER_IHC_Q1/phase2_acceptance_experiments/nnunet_workspace/nnUNet_raw/Dataset501_ERIHCSeg/imagesTr/ERIHC_0170_0000.png,/home/ubuntu/storage3/ER Segmentation/ER_IHC_Q1/phase2_acceptance_experiments/nnunet_workspace/nnUNet_raw/Dataset501_ERIHCSeg/labelsTr/ERIHC_0170.png,True,True,True,True,,RGB,L,"(512, 512, 3)","(512, 512)",uint8,uint8,"[0, 1, 2, 3, 4]",True,0,4
ERIHC_0171,/home/ubuntu/storage3/ER Segmentation/ER_IHC_Q1/phase2_acceptance_experiments/nnunet_workspace/nnUNet_raw/Dataset501_ERIHCSeg/imagesTr/ERIHC_0171_0000.png,/home/ubuntu/storage3/ER Segmentation/ER_IHC_Q1/phase2_acceptance_experiments/nnunet_workspace/nnUNet_raw/Dataset501_ERIHCSeg/labelsTr/ERIHC_0171.png,True,True,True,True,,RGB,L,"(512, 512, 3)","(512, 512)",uint8,uint8,"[0, 1, 2, 3, 4]",True,0,4
ERIHC_0172,/home/ubuntu/storage3/ER Segmentation/ER_IHC_Q1/phase2_acceptance_experiments/nnunet_workspace/nnUNet_raw/Dataset501_ERIHCSeg/imagesTr/ERIHC_0172_0000.png,/home/ubuntu/storage3/ER Segmentation/ER_IHC_Q1/phase2_acceptance_experiments/nnunet_workspace/nnUNet_raw/Dataset501_ERIHCSeg/labelsTr/ERIHC_0172.png,True,True,True,True,,RGB,L,"(512, 512, 3)","(512, 512)",uint8,uint8,"[0, 1, 3, 4]",True,0,4
ERIHC_0173,/home/ubuntu/storage3/ER Segmentation/ER_IHC_Q1/phase2_acceptance_experiments/nnunet_workspace/nnUNet_raw/Dataset501_ERIHCSeg/imagesTr/ERIHC_0173_0000.png,/home/ubuntu/storage3/ER Segmentation/ER_IHC_Q1/phase2_acceptance_experiments/nnunet_workspace/nnUNet_raw/Dataset501_ERIHCSeg/labelsTr/ERIHC_0173.png,True,True,True,True,,RGB,L,"(512, 512, 3)","(512, 512)",uint8,uint8,"[0, 1]",True,0,1
ERIHC_0174,/home/ubuntu/storage3/ER Segmentation/ER_IHC_Q1/phase2_acceptance_experiments/nnunet_workspace/nnUNet_raw/Dataset501_ERIHCSeg/imagesTr/ERIHC_0174_0000.png,/home/ubuntu/storage3/ER Segmentation/ER_IHC_Q1/phase2_acceptance_experiments/nnunet_workspace/nnUNet_raw/Dataset501_ERIHCSeg/labelsTr/ERIHC_0174.png,True,True,True,True,,RGB,L,"(512, 512, 3)","(512, 512)",uint8,uint8,"[0, 1, 2]",True,0,2
ERIHC_0175,/home/ubuntu/storage3/ER Segmentation/ER_IHC_Q1/phase2_acceptance_experiments/nnunet_workspace/nnUNet_raw/Dataset501_ERIHCSeg/imagesTr/ERIHC_0175_0000.png,/home/ubuntu/storage3/ER Segmentation/ER_IHC_Q1/phase2_acceptance_experiments/nnunet_workspace/nnUNet_raw/Dataset501_ERIHCSeg/labelsTr/ERIHC_0175.png,True,True,True,True,,RGB,L,"(512, 512, 3)","(512, 512)",uint8,uint8,"[0, 1, 2, 3]",True,0,3
ERIHC_0176,/home/ubuntu/storage3/ER Segmentation/ER_IHC_Q1/phase2_acceptance_experiments/nnunet_workspace/nnUNet_raw/Dataset501_ERIHCSeg/imagesTr/ERIHC_0176_0000.png,/home/ubuntu/storage3/ER Segmentation/ER_IHC_Q1/phase2_acceptance_experiments/nnunet_workspace/nnUNet_raw/Dataset501_ERIHCSeg/labelsTr/ERIHC_0176.png,True,True,True,True,,RGB,L,"(512, 512, 3)","(512, 512)",uint8,uint8,"[0, 1]",True,0,1
ERIHC_0177,/home/ubuntu/storage3/ER Segmentation/ER_IHC_Q1/phase2_acceptance_experiments/nnunet_workspace/nnUNet_raw/Dataset501_ERIHCSeg/imagesTr/ERIHC_0177_0000.png,/home/ubuntu/storage3/ER Segmentation/ER_IHC_Q1/phase2_acceptance_experiments/nnunet_workspace/nnUNet_raw/Dataset501_ERIHCSeg/labelsTr/ERIHC_0177.png,True,True,True,True,,RGB,L,"(512, 512, 3)","(512, 512)",uint8,uint8,"[0, 1]",True,0,1
ERIHC_0178,/home/ubuntu/storage3/ER Segmentation/ER_IHC_Q1/phase2_acceptance_experiments/nnunet_workspace/nnUNet_raw/Dataset501_ERIHCSeg/imagesTr/ERIHC_0178_0000.png,/home/ubuntu/storage3/ER Segmentation/ER_IHC_Q1/phase2_acceptance_experiments/nnunet_workspace/nnUNet_raw/Dataset501_ERIHCSeg/labelsTr/ERIHC_0178.png,True,True,True,True,,RGB,L,"(512, 512, 3)","(512, 512)",uint8,uint8,"[0, 1, 2]",True,0,2
ERIHC_0179,/home/ubuntu/storage3/ER Segmentation/ER_IHC_Q1/phase2_acceptance_experiments/nnunet_workspace/nnUNet_raw/Dataset501_ERIHCSeg/imagesTr/ERIHC_0179_0000.png,/home/ubuntu/storage3/ER Segmentation/ER_IHC_Q1/phase2_acceptance_experiments/nnunet_workspace/nnUNet_raw/Dataset501_ERIHCSeg/labelsTr/ERIHC_0179.png,True,True,True,True,,RGB,L,"(512, 512, 3)","(512, 512)",uint8,uint8,"[0, 1, 2]",True,0,2
ERIHC_0180,/home/ubuntu/storage3/ER Segmentation/ER_IHC_Q1/phase2_acceptance_experiments/nnunet_workspace/nnUNet_raw/Dataset501_ERIHCSeg/imagesTr/ERIHC_0180_0000.png,/home/ubuntu/storage3/ER Segmentation/ER_IHC_Q1/phase2_acceptance_experiments/nnunet_workspace/nnUNet_raw/Dataset501_ERIHCSeg/labelsTr/ERIHC_0180.png,True,True,True,True,,RGB,L,"(512, 512, 3)","(512, 512)",uint8,uint8,"[0, 1, 2, 3]",True,0,3
ERIHC_0181,/home/ubuntu/storage3/ER Segmentation/ER_IHC_Q1/phase2_acceptance_experiments/nnunet_workspace/nnUNet_raw/Dataset501_ERIHCSeg/imagesTr/ERIHC_0181_0000.png,/home/ubuntu/storage3/ER Segmentation/ER_IHC_Q1/phase2_acceptance_experiments/nnunet_workspace/nnUNet_raw/Dataset501_ERIHCSeg/labelsTr/ERIHC_0181.png,True,True,True,True,,RGB,L,"(512, 512, 3)","(512, 512)",uint8,uint8,"[0, 1, 2, 3]",True,0,3
ERIHC_0182,/home/ubuntu/storage3/ER Segmentation/ER_IHC_Q1/phase2_acceptance_experiments/nnunet_workspace/nnUNet_raw/Dataset501_ERIHCSeg/imagesTr/ERIHC_0182_0000.png,/home/ubuntu/storage3/ER Segmentation/ER_IHC_Q1/phase2_acceptance_experiments/nnunet_workspace/nnUNet_raw/Dataset501_ERIHCSeg/labelsTr/ERIHC_0182.png,True,True,True,True,,RGB,L,"(512, 512, 3)","(512, 512)",uint8,uint8,"[0, 1, 2]",True,0,2
ERIHC_0183,/home/ubuntu/storage3/ER Segmentation/ER_IHC_Q1/phase2_acceptance_experiments/nnunet_workspace/nnUNet_raw/Dataset501_ERIHCSeg/imagesTr/ERIHC_0183_0000.png,/home/ubuntu/storage3/ER Segmentation/ER_IHC_Q1/phase2_acceptance_experiments/nnunet_workspace/nnUNet_raw/Dataset501_ERIHCSeg/labelsTr/ERIHC_0183.png,True,True,True,True,,RGB,L,"(512, 512, 3)","(512, 512)",uint8,uint8,"[0, 1, 2]",True,0,2
ERIHC_0184,/home/ubuntu/storage3/ER Segmentation/ER_IHC_Q1/phase2_acceptance_experiments/nnunet_workspace/nnUNet_raw/Dataset501_ERIHCSeg/imagesTr/ERIHC_0184_0000.png,/home/ubuntu/storage3/ER Segmentation/ER_IHC_Q1/phase2_acceptance_experiments/nnunet_workspace/nnUNet_raw/Dataset501_ERIHCSeg/labelsTr/ERIHC_0184.png,True,True,True,True,,RGB,L,"(512, 512, 3)","(512, 512)",uint8,uint8,"[0, 1, 2]",True,0,2
ERIHC_0185,/home/ubuntu/storage3/ER Segmentation/ER_IHC_Q1/phase2_acceptance_experiments/nnunet_workspace/nnUNet_raw/Dataset501_ERIHCSeg/imagesTr/ERIHC_0185_0000.png,/home/ubuntu/storage3/ER Segmentation/ER_IHC_Q1/phase2_acceptance_experiments/nnunet_workspace/nnUNet_raw/Dataset501_ERIHCSeg/labelsTr/ERIHC_0185.png,True,True,True,True,,RGB,L,"(512, 512, 3)","(512, 512)",uint8,uint8,"[0, 1]",True,0,1
ERIHC_0186,/home/ubuntu/storage3/ER Segmentation/ER_IHC_Q1/phase2_acceptance_experiments/nnunet_workspace/nnUNet_raw/Dataset501_ERIHCSeg/imagesTr/ERIHC_0186_0000.png,/home/ubuntu/storage3/ER Segmentation/ER_IHC_Q1/phase2_acceptance_experiments/nnunet_workspace/nnUNet_raw/Dataset501_ERIHCSeg/labelsTr/ERIHC_0186.png,True,True,True,True,,RGB,L,"(512, 512, 3)","(512, 512)",uint8,uint8,"[0, 1]",True,0,1
ERIHC_0187,/home/ubuntu/storage3/ER Segmentation/ER_IHC_Q1/phase2_acceptance_experiments/nnunet_workspace/nnUNet_raw/Dataset501_ERIHCSeg/imagesTr/ERIHC_0187_0000.png,/home/ubuntu/storage3/ER Segmentation/ER_IHC_Q1/phase2_acceptance_experiments/nnunet_workspace/nnUNet_raw/Dataset501_ERIHCSeg/labelsTr/ERIHC_0187.png,True,True,True,True,,RGB,L,"(512, 512, 3)","(512, 512)",uint8,uint8,"[0, 1, 2]",True,0,2
ERIHC_0188,/home/ubuntu/storage3/ER Segmentation/ER_IHC_Q1/phase2_acceptance_experiments/nnunet_workspace/nnUNet_raw/Dataset501_ERIHCSeg/imagesTr/ERIHC_0188_0000.png,/home/ubuntu/storage3/ER Segmentation/ER_IHC_Q1/phase2_acceptance_experiments/nnunet_workspace/nnUNet_raw/Dataset501_ERIHCSeg/labelsTr/ERIHC_0188.png,True,True,True,True,,RGB,L,"(512, 512, 3)","(512, 512)",uint8,uint8,"[0, 1, 2, 3, 4]",True,0,4
ERIHC_0189,/home/ubuntu/storage3/ER Segmentation/ER_IHC_Q1/phase2_acceptance_experiments/nnunet_workspace/nnUNet_raw/Dataset501_ERIHCSeg/imagesTr/ERIHC_0189_0000.png,/home/ubuntu/storage3/ER Segmentation/ER_IHC_Q1/phase2_acceptance_experiments/nnunet_workspace/nnUNet_raw/Dataset501_ERIHCSeg/labelsTr/ERIHC_0189.png,True,True,True,True,,RGB,L,"(512, 512, 3)","(512, 512)",uint8,uint8,"[0, 1, 2, 3, 4]",True,0,4
ERIHC_0190,/home/ubuntu/storage3/ER Segmentation/ER_IHC_Q1/phase2_acceptance_experiments/nnunet_workspace/nnUNet_raw/Dataset501_ERIHCSeg/imagesTr/ERIHC_0190_0000.png,/home/ubuntu/storage3/ER Segmentation/ER_IHC_Q1/phase2_acceptance_experiments/nnunet_workspace/nnUNet_raw/Dataset501_ERIHCSeg/labelsTr/ERIHC_0190.png,True,True,True,True,,RGB,L,"(512, 512, 3)","(512, 512)",uint8,uint8,"[0, 1, 2, 3, 4]",True,0,4
ERIHC_0191,/home/ubuntu/storage3/ER Segmentation/ER_IHC_Q1/phase2_acceptance_experiments/nnunet_workspace/nnUNet_raw/Dataset501_ERIHCSeg/imagesTr/ERIHC_0191_0000.png,/home/ubuntu/storage3/ER Segmentation/ER_IHC_Q1/phase2_acceptance_experiments/nnunet_workspace/nnUNet_raw/Dataset501_ERIHCSeg/labelsTr/ERIHC_0191.png,True,True,True,True,,RGB,L,"(512, 512, 3)","(512, 512)",uint8,uint8,"[0, 1, 2, 3, 4]",True,0,4
ERIHC_0192,/home/ubuntu/storage3/ER Segmentation/ER_IHC_Q1/phase2_acceptance_experiments/nnunet_workspace/nnUNet_raw/Dataset501_ERIHCSeg/imagesTr/ERIHC_0192_0000.png,/home/ubuntu/storage3/ER Segmentation/ER_IHC_Q1/phase2_acceptance_experiments/nnunet_workspace/nnUNet_raw/Dataset501_ERIHCSeg/labelsTr/ERIHC_0192.png,True,True,True,True,,RGB,L,"(512, 512, 3)","(512, 512)",uint8,uint8,"[0, 1, 2, 3, 4]",True,0,4
ERIHC_0193,/home/ubuntu/storage3/ER Segmentation/ER_IHC_Q1/phase2_acceptance_experiments/nnunet_workspace/nnUNet_raw/Dataset501_ERIHCSeg/imagesTr/ERIHC_0193_0000.png,/home/ubuntu/storage3/ER Segmentation/ER_IHC_Q1/phase2_acceptance_experiments/nnunet_workspace/nnUNet_raw/Dataset501_ERIHCSeg/labelsTr/ERIHC_0193.png,True,True,True,True,,RGB,L,"(512, 512, 3)","(512, 512)",uint8,uint8,"[0, 1, 2]",True,0,2
ERIHC_0194,/home/ubuntu/storage3/ER Segmentation/ER_IHC_Q1/phase2_acceptance_experiments/nnunet_workspace/nnUNet_raw/Dataset501_ERIHCSeg/imagesTr/ERIHC_0194_0000.png,/home/ubuntu/storage3/ER Segmentation/ER_IHC_Q1/phase2_acceptance_experiments/nnunet_workspace/nnUNet_raw/Dataset501_ERIHCSeg/labelsTr/ERIHC_0194.png,True,True,True,True,,RGB,L,"(512, 512, 3)","(512, 512)",uint8,uint8,"[0, 1, 2]",True,0,2
ERIHC_0195,/home/ubuntu/storage3/ER Segmentation/ER_IHC_Q1/phase2_acceptance_experiments/nnunet_workspace/nnUNet_raw/Dataset501_ERIHCSeg/imagesTr/ERIHC_0195_0000.png,/home/ubuntu/storage3/ER Segmentation/ER_IHC_Q1/phase2_acceptance_experiments/nnunet_workspace/nnUNet_raw/Dataset501_ERIHCSeg/labelsTr/ERIHC_0195.png,True,True,True,True,,RGB,L,"(512, 512, 3)","(512, 512)",uint8,uint8,"[0, 1, 2, 3]",True,0,3
ERIHC_0196,/home/ubuntu/storage3/ER Segmentation/ER_IHC_Q1/phase2_acceptance_experiments/nnunet_workspace/nnUNet_raw/Dataset501_ERIHCSeg/imagesTr/ERIHC_0196_0000.png,/home/ubuntu/storage3/ER Segmentation/ER_IHC_Q1/phase2_acceptance_experiments/nnunet_workspace/nnUNet_raw/Dataset501_ERIHCSeg/labelsTr/ERIHC_0196.png,True,True,True,True,,RGB,L,"(512, 512, 3)","(512, 512)",uint8,uint8,"[0, 1, 2, 3]",True,0,3
ERIHC_0197,/home/ubuntu/storage3/ER Segmentation/ER_IHC_Q1/phase2_acceptance_experiments/nnunet_workspace/nnUNet_raw/Dataset501_ERIHCSeg/imagesTr/ERIHC_0197_0000.png,/home/ubuntu/storage3/ER Segmentation/ER_IHC_Q1/phase2_acceptance_experiments/nnunet_workspace/nnUNet_raw/Dataset501_ERIHCSeg/labelsTr/ERIHC_0197.png,True,True,True,True,,RGB,L,"(512, 512, 3)","(512, 512)",uint8,uint8,"[0, 1, 2, 3]",True,0,3
ERIHC_0198,/home/ubuntu/storage3/ER Segmentation/ER_IHC_Q1/phase2_acceptance_experiments/nnunet_workspace/nnUNet_raw/Dataset501_ERIHCSeg/imagesTr/ERIHC_0198_0000.png,/home/ubuntu/storage3/ER Segmentation/ER_IHC_Q1/phase2_acceptance_experiments/nnunet_workspace/nnUNet_raw/Dataset501_ERIHCSeg/labelsTr/ERIHC_0198.png,True,True,True,True,,RGB,L,"(512, 512, 3)","(512, 512)",uint8,uint8,"[0, 1, 2, 3, 4]",True,0,4
ERIHC_0199,/home/ubuntu/storage3/ER Segmentation/ER_IHC_Q1/phase2_acceptance_experiments/nnunet_workspace/nnUNet_raw/Dataset501_ERIHCSeg/imagesTr/ERIHC_0199_0000.png,/home/ubuntu/storage3/ER Segmentation/ER_IHC_Q1/phase2_acceptance_experiments/nnunet_workspace/nnUNet_raw/Dataset501_ERIHCSeg/labelsTr/ERIHC_0199.png,True,True,True,True,,RGB,L,"(512, 512, 3)","(512, 512)",uint8,uint8,"[0, 1, 2, 3, 4]",True,0,4
ERIHC_0200,/home/ubuntu/storage3/ER Segmentation/ER_IHC_Q1/phase2_acceptance_experiments/nnunet_workspace/nnUNet_raw/Dataset501_ERIHCSeg/imagesTr/ERIHC_0200_0000.png,/home/ubuntu/storage3/ER Segmentation/ER_IHC_Q1/phase2_acceptance_experiments/nnunet_workspace/nnUNet_raw/Dataset501_ERIHCSeg/labelsTr/ERIHC_0200.png,True,True,True,True,,RGB,L,"(512, 512, 3)","(512, 512)",uint8,uint8,"[0, 1, 2, 3, 4]",True,0,4
ERIHC_0201,/home/ubuntu/storage3/ER Segmentation/ER_IHC_Q1/phase2_acceptance_experiments/nnunet_workspace/nnUNet_raw/Dataset501_ERIHCSeg/imagesTr/ERIHC_0201_0000.png,/home/ubuntu/storage3/ER Segmentation/ER_IHC_Q1/phase2_acceptance_experiments/nnunet_workspace/nnUNet_raw/Dataset501_ERIHCSeg/labelsTr/ERIHC_0201.png,True,True,True,True,,RGB,L,"(512, 512, 3)","(512, 512)",uint8,uint8,"[0, 1, 2, 3, 4]",True,0,4
ERIHC_0202,/home/ubuntu/storage3/ER Segmentation/ER_IHC_Q1/phase2_acceptance_experiments/nnunet_workspace/nnUNet_raw/Dataset501_ERIHCSeg/imagesTr/ERIHC_0202_0000.png,/home/ubuntu/storage3/ER Segmentation/ER_IHC_Q1/phase2_acceptance_experiments/nnunet_workspace/nnUNet_raw/Dataset501_ERIHCSeg/labelsTr/ERIHC_0202.png,True,True,True,True,,RGB,L,"(512, 512, 3)","(512, 512)",uint8,uint8,"[0, 1, 3, 4]",True,0,4
ERIHC_0203,/home/ubuntu/storage3/ER Segmentation/ER_IHC_Q1/phase2_acceptance_experiments/nnunet_workspace/nnUNet_raw/Dataset501_ERIHCSeg/imagesTr/ERIHC_0203_0000.png,/home/ubuntu/storage3/ER Segmentation/ER_IHC_Q1/phase2_acceptance_experiments/nnunet_workspace/nnUNet_raw/Dataset501_ERIHCSeg/labelsTr/ERIHC_0203.png,True,True,True,True,,RGB,L,"(512, 512, 3)","(512, 512)",uint8,uint8,"[0, 1, 2, 3, 4]",True,0,4
ERIHC_0204,/home/ubuntu/storage3/ER Segmentation/ER_IHC_Q1/phase2_acceptance_experiments/nnunet_workspace/nnUNet_raw/Dataset501_ERIHCSeg/imagesTr/ERIHC_0204_0000.png,/home/ubuntu/storage3/ER Segmentation/ER_IHC_Q1/phase2_acceptance_experiments/nnunet_workspace/nnUNet_raw/Dataset501_ERIHCSeg/labelsTr/ERIHC_0204.png,True,True,True,True,,RGB,L,"(512, 512, 3)","(512, 512)",uint8,uint8,"[0, 1, 2, 3]",True,0,3
ERIHC_0205,/home/ubuntu/storage3/ER Segmentation/ER_IHC_Q1/phase2_acceptance_experiments/nnunet_workspace/nnUNet_raw/Dataset501_ERIHCSeg/imagesTr/ERIHC_0205_0000.png,/home/ubuntu/storage3/ER Segmentation/ER_IHC_Q1/phase2_acceptance_experiments/nnunet_workspace/nnUNet_raw/Dataset501_ERIHCSeg/labelsTr/ERIHC_0205.png,True,True,True,True,,RGB,L,"(512, 512, 3)","(512, 512)",uint8,uint8,"[0, 1, 2, 3]",True,0,3
ERIHC_0206,/home/ubuntu/storage3/ER Segmentation/ER_IHC_Q1/phase2_acceptance_experiments/nnunet_workspace/nnUNet_raw/Dataset501_ERIHCSeg/imagesTr/ERIHC_0206_0000.png,/home/ubuntu/storage3/ER Segmentation/ER_IHC_Q1/phase2_acceptance_experiments/nnunet_workspace/nnUNet_raw/Dataset501_ERIHCSeg/labelsTr/ERIHC_0206.png,True,True,True,True,,RGB,L,"(512, 512, 3)","(512, 512)",uint8,uint8,"[0, 1, 2, 3, 4]",True,0,4
ERIHC_0207,/home/ubuntu/storage3/ER Segmentation/ER_IHC_Q1/phase2_acceptance_experiments/nnunet_workspace/nnUNet_raw/Dataset501_ERIHCSeg/imagesTr/ERIHC_0207_0000.png,/home/ubuntu/storage3/ER Segmentation/ER_IHC_Q1/phase2_acceptance_experiments/nnunet_workspace/nnUNet_raw/Dataset501_ERIHCSeg/labelsTr/ERIHC_0207.png,True,True,True,True,,RGB,L,"(512, 512, 3)","(512, 512)",uint8,uint8,"[0, 1, 2, 3, 4]",True,0,4
ERIHC_0208,/home/ubuntu/storage3/ER Segmentation/ER_IHC_Q1/phase2_acceptance_experiments/nnunet_workspace/nnUNet_raw/Dataset501_ERIHCSeg/imagesTr/ERIHC_0208_0000.png,/home/ubuntu/storage3/ER Segmentation/ER_IHC_Q1/phase2_acceptance_experiments/nnunet_workspace/nnUNet_raw/Dataset501_ERIHCSeg/labelsTr/ERIHC_0208.png,True,True,True,True,,RGB,L,"(512, 512, 3)","(512, 512)",uint8,uint8,"[0, 1, 3, 4]",True,0,4
ERIHC_0209,/home/ubuntu/storage3/ER Segmentation/ER_IHC_Q1/phase2_acceptance_experiments/nnunet_workspace/nnUNet_raw/Dataset501_ERIHCSeg/imagesTr/ERIHC_0209_0000.png,/home/ubuntu/storage3/ER Segmentation/ER_IHC_Q1/phase2_acceptance_experiments/nnunet_workspace/nnUNet_raw/Dataset501_ERIHCSeg/labelsTr/ERIHC_0209.png,True,True,True,True,,RGB,L,"(512, 512, 3)","(512, 512)",uint8,uint8,"[0, 1]",True,0,1
ERIHC_0210,/home/ubuntu/storage3/ER Segmentation/ER_IHC_Q1/phase2_acceptance_experiments/nnunet_workspace/nnUNet_raw/Dataset501_ERIHCSeg/imagesTr/ERIHC_0210_0000.png,/home/ubuntu/storage3/ER Segmentation/ER_IHC_Q1/phase2_acceptance_experiments/nnunet_workspace/nnUNet_raw/Dataset501_ERIHCSeg/labelsTr/ERIHC_0210.png,True,True,True,True,,RGB,L,"(512, 512, 3)","(512, 512)",uint8,uint8,"[0, 1]",True,0,1
ERIHC_0211,/home/ubuntu/storage3/ER Segmentation/ER_IHC_Q1/phase2_acceptance_experiments/nnunet_workspace/nnUNet_raw/Dataset501_ERIHCSeg/imagesTr/ERIHC_0211_0000.png,/home/ubuntu/storage3/ER Segmentation/ER_IHC_Q1/phase2_acceptance_experiments/nnunet_workspace/nnUNet_raw/Dataset501_ERIHCSeg/labelsTr/ERIHC_0211.png,True,True,True,True,,RGB,L,"(512, 512, 3)","(512, 512)",uint8,uint8,"[0, 1, 2]",True,0,2
ERIHC_0212,/home/ubuntu/storage3/ER Segmentation/ER_IHC_Q1/phase2_acceptance_experiments/nnunet_workspace/nnUNet_raw/Dataset501_ERIHCSeg/imagesTr/ERIHC_0212_0000.png,/home/ubuntu/storage3/ER Segmentation/ER_IHC_Q1/phase2_acceptance_experiments/nnunet_workspace/nnUNet_raw/Dataset501_ERIHCSeg/labelsTr/ERIHC_0212.png,True,True,True,True,,RGB,L,"(512, 512, 3)","(512, 512)",uint8,uint8,"[0, 1, 2]",True,0,2
ERIHC_0213,/home/ubuntu/storage3/ER Segmentation/ER_IHC_Q1/phase2_acceptance_experiments/nnunet_workspace/nnUNet_raw/Dataset501_ERIHCSeg/imagesTr/ERIHC_0213_0000.png,/home/ubuntu/storage3/ER Segmentation/ER_IHC_Q1/phase2_acceptance_experiments/nnunet_workspace/nnUNet_raw/Dataset501_ERIHCSeg/labelsTr/ERIHC_0213.png,True,True,True,True,,RGB,L,"(512, 512, 3)","(512, 512)",uint8,uint8,"[0, 1, 2]",True,0,2
ERIHC_0214,/home/ubuntu/storage3/ER Segmentation/ER_IHC_Q1/phase2_acceptance_experiments/nnunet_workspace/nnUNet_raw/Dataset501_ERIHCSeg/imagesTr/ERIHC_0214_0000.png,/home/ubuntu/storage3/ER Segmentation/ER_IHC_Q1/phase2_acceptance_experiments/nnunet_workspace/nnUNet_raw/Dataset501_ERIHCSeg/labelsTr/ERIHC_0214.png,True,True,True,True,,RGB,L,"(512, 512, 3)","(512, 512)",uint8,uint8,"[0, 1, 2, 3]",True,0,3
ERIHC_0215,/home/ubuntu/storage3/ER Segmentation/ER_IHC_Q1/phase2_acceptance_experiments/nnunet_workspace/nnUNet_raw/Dataset501_ERIHCSeg/imagesTr/ERIHC_0215_0000.png,/home/ubuntu/storage3/ER Segmentation/ER_IHC_Q1/phase2_acceptance_experiments/nnunet_workspace/nnUNet_raw/Dataset501_ERIHCSeg/labelsTr/ERIHC_0215.png,True,True,True,True,,RGB,L,"(512, 512, 3)","(512, 512)",uint8,uint8,"[0, 1]",True,0,1
ERIHC_0216,/home/ubuntu/storage3/ER Segmentation/ER_IHC_Q1/phase2_acceptance_experiments/nnunet_workspace/nnUNet_raw/Dataset501_ERIHCSeg/imagesTr/ERIHC_0216_0000.png,/home/ubuntu/storage3/ER Segmentation/ER_IHC_Q1/phase2_acceptance_experiments/nnunet_workspace/nnUNet_raw/Dataset501_ERIHCSeg/labelsTr/ERIHC_0216.png,True,True,True,True,,RGB,L,"(512, 512, 3)","(512, 512)",uint8,uint8,"[0, 1]",True,0,1
ERIHC_0217,/home/ubuntu/storage3/ER Segmentation/ER_IHC_Q1/phase2_acceptance_experiments/nnunet_workspace/nnUNet_raw/Dataset501_ERIHCSeg/imagesTr/ERIHC_0217_0000.png,/home/ubuntu/storage3/ER Segmentation/ER_IHC_Q1/phase2_acceptance_experiments/nnunet_workspace/nnUNet_raw/Dataset501_ERIHCSeg/labelsTr/ERIHC_0217.png,True,True,True,True,,RGB,L,"(512, 512, 3)","(512, 512)",uint8,uint8,"[0, 1, 2, 3]",True,0,3
ERIHC_0218,/home/ubuntu/storage3/ER Segmentation/ER_IHC_Q1/phase2_acceptance_experiments/nnunet_workspace/nnUNet_raw/Dataset501_ERIHCSeg/imagesTr/ERIHC_0218_0000.png,/home/ubuntu/storage3/ER Segmentation/ER_IHC_Q1/phase2_acceptance_experiments/nnunet_workspace/nnUNet_raw/Dataset501_ERIHCSeg/labelsTr/ERIHC_0218.png,True,True,True,True,,RGB,L,"(512, 512, 3)","(512, 512)",uint8,uint8,"[0, 1, 3, 4]",True,0,4
ERIHC_0219,/home/ubuntu/storage3/ER Segmentation/ER_IHC_Q1/phase2_acceptance_experiments/nnunet_workspace/nnUNet_raw/Dataset501_ERIHCSeg/imagesTr/ERIHC_0219_0000.png,/home/ubuntu/storage3/ER Segmentation/ER_IHC_Q1/phase2_acceptance_experiments/nnunet_workspace/nnUNet_raw/Dataset501_ERIHCSeg/labelsTr/ERIHC_0219.png,True,True,True,True,,RGB,L,"(512, 512, 3)","(512, 512)",uint8,uint8,"[0, 1, 3, 4]",True,0,4
